Timestamp,Frame,q0,qx,qy,qz,X,Y,Z,err
12:08:37.582986,62,0.709,-0.182,0.660,-0.171,-100.819,24.028,-144.237,0.027
12:08:37.649364,86,0.709,-0.181,0.660,-0.169,-100.798,23.907,-144.323,0.039
12:08:37.712697,110,0.709,-0.181,0.660,-0.170,-100.829,24.117,-144.348,0.040
12:08:37.779646,126,0.709,-0.181,0.660,-0.170,-100.819,24.136,-144.323,0.043
12:08:37.847380,150,0.709,-0.181,0.660,-0.170,-100.863,24.116,-144.220,0.050
12:08:37.912864,174,0.708,-0.183,0.660,-0.171,-100.859,24.009,-144.187,0.048
12:08:37.981439,190,0.708,-0.183,0.660,-0.171,-100.862,23.985,-144.135,0.048
12:08:38.047703,214,0.708,-0.183,0.660,-0.171,-100.905,24.113,-144.138,0.046
12:08:38.114959,238,0.709,-0.182,0.660,-0.172,-100.832,24.277,-144.432,0.044
12:08:38.220355,270,0.708,-0.182,0.660,-0.174,-100.849,24.679,-144.539,0.046
12:08:38.285846,294,0.707,-0.184,0.660,-0.176,-100.921,24.779,-144.202,0.045
12:08:38.350728,310,0.686,-0.182,0.681,-0.182,-101.451,28.075,-136.698,0.047
12:08:38.415511,334,0.678,-0.183,0.687,-0.186,-101.179,29.524,-133.925,0.045
12:08:38.482194,358,0.672,-0.182,0.692,-0.193,-101.469,31.358,-132.674,0.058
12:08:38.548983,374,0.672,-0.182,0.691,-0.195,-101.396,32.115,-133.086,0.046
12:08:38.615298,398,0.655,-0.185,0.704,-0.203,-101.241,34.532,-127.763,0.059
12:08:38.683954,422,0.634,-0.196,0.716,-0.214,-100.601,36.024,-121.477,0.034
12:08:38.746916,438,0.629,-0.203,0.718,-0.218,-100.554,36.027,-120.366,0.049
12:08:38.815652,462,0.631,-0.211,0.713,-0.220,-100.781,34.589,-121.238,0.033
12:08:38.878703,478,0.650,-0.214,0.698,-0.209,-101.521,29.951,-127.152,0.062
12:08:38.941589,502,0.678,-0.221,0.673,-0.196,-101.386,23.050,-135.466,0.046
12:08:39.014374,526,0.679,-0.230,0.668,-0.197,-101.537,21.266,-136.299,0.027
12:08:39.080119,542,0.682,-0.227,0.668,-0.193,-101.484,20.930,-137.011,0.052
12:08:39.145791,566,0.695,-0.232,0.652,-0.196,-100.965,18.786,-141.954,0.056
12:08:39.214099,590,0.701,-0.242,0.643,-0.189,-100.702,14.534,-143.842,0.049
12:08:39.282175,606,0.710,-0.248,0.634,-0.183,-99.936,10.990,-146.221,0.028
12:08:39.342108,630,0.726,-0.262,0.616,-0.161,-98.456,2.761,-150.599,0.058
12:08:39.411186,654,0.728,-0.275,0.606,-0.162,-98.113,-0.622,-152.831,0.049
12:08:39.482790,670,0.720,-0.276,0.611,-0.178,-98.703,3.507,-150.102,0.104
12:08:39.548774,694,0.710,-0.275,0.621,-0.187,-99.154,5.536,-146.956,0.037
12:08:39.615274,718,0.686,-0.274,0.642,-0.206,-100.497,11.994,-139.884,0.034
12:08:39.679598,734,0.673,-0.279,0.653,-0.207,-101.008,12.807,-135.291,0.050
12:08:39.747727,758,0.651,-0.274,0.676,-0.209,-101.223,16.838,-127.349,0.045
12:08:39.813604,782,0.644,-0.280,0.675,-0.225,-101.505,19.435,-127.024,0.028
12:08:39.880271,798,0.644,-0.280,0.674,-0.228,-101.448,19.798,-127.395,0.043
12:08:39.943499,822,0.645,-0.280,0.675,-0.224,-101.527,19.097,-127.264,0.048
12:08:40.012074,846,0.643,-0.291,0.668,-0.233,-101.506,19.094,-127.539,0.132
12:08:40.080189,862,0.664,-0.292,0.648,-0.232,-101.161,14.907,-135.380,0.041
12:08:40.146318,886,0.680,-0.290,0.630,-0.238,-100.634,14.110,-142.142,0.054
12:08:40.213061,910,0.693,-0.283,0.618,-0.239,-100.245,13.533,-147.422,0.046
12:08:40.279256,926,0.707,-0.277,0.606,-0.237,-99.326,12.622,-152.321,0.087
12:08:40.345080,950,0.707,-0.274,0.595,-0.268,-98.798,17.230,-156.635,0.047
12:08:40.411369,974,0.708,-0.264,0.592,-0.281,-98.496,21.184,-159.254,0.038
12:08:40.473608,990,0.695,-0.267,0.608,-0.278,-99.705,22.453,-153.818,0.032
12:08:40.543927,1014,0.675,-0.274,0.635,-0.256,-101.076,20.828,-142.942,0.042
12:08:40.609114,1038,0.641,-0.282,0.667,-0.255,-101.677,24.268,-130.390,0.045
12:08:40.675384,1054,0.618,-0.279,0.691,-0.252,-101.236,27.668,-121.702,0.043
12:08:40.742045,1078,0.586,-0.278,0.721,-0.244,-99.951,31.061,-109.976,0.046
12:08:40.809062,1102,0.568,-0.282,0.736,-0.238,-98.592,31.108,-103.010,0.046
12:08:40.874963,1118,0.559,-0.285,0.742,-0.234,-97.848,31.027,-99.793,0.059
12:08:40.942048,1142,0.568,-0.289,0.735,-0.232,-98.621,28.638,-102.435,0.041
12:08:41.007762,1166,0.596,-0.288,0.711,-0.238,-100.442,26.256,-112.397,0.060
12:08:41.075228,1182,0.611,-0.285,0.698,-0.242,-100.955,25.334,-117.955,0.038
12:08:41.141368,1206,0.628,-0.281,0.685,-0.239,-101.466,23.156,-123.440,0.037
12:08:41.207839,1230,0.667,-0.277,0.655,-0.220,-101.286,15.451,-134.977,0.065
12:08:41.271678,1246,0.682,-0.272,0.646,-0.209,-100.899,12.922,-138.981,0.077
12:08:41.337596,1270,0.686,-0.278,0.638,-0.213,-100.708,11.752,-141.107,0.026
12:08:41.404762,1286,0.684,-0.279,0.639,-0.212,-101.011,11.863,-140.797,0.040
12:08:41.469275,1310,0.671,-0.279,0.652,-0.216,-100.927,13.989,-135.609,0.064
12:08:41.536146,1334,0.640,-0.287,0.675,-0.230,-101.511,18.916,-126.610,0.048
12:08:41.603685,1350,0.622,-0.291,0.687,-0.239,-101.438,22.383,-121.486,0.028
12:08:41.670172,1374,0.588,-0.292,0.711,-0.250,-100.316,28.414,-111.707,0.047
12:08:41.734867,1398,0.559,-0.298,0.731,-0.253,-98.559,31.723,-102.647,0.044
12:08:41.803058,1414,0.544,-0.297,0.743,-0.251,-97.304,33.641,-97.850,0.054
12:08:41.863600,1438,0.533,-0.297,0.749,-0.258,-96.366,36.290,-95.329,0.049
12:08:41.927464,1462,0.569,-0.291,0.725,-0.258,-99.185,32.751,-106.643,0.051
12:08:41.993982,1478,0.597,-0.288,0.704,-0.254,-100.705,28.643,-115.435,0.040
12:08:42.060531,1502,0.634,-0.279,0.677,-0.248,-101.538,24.144,-126.913,0.030
12:08:42.124947,1526,0.667,-0.274,0.648,-0.246,-101.429,20.454,-138.462,0.053
12:08:42.199623,1542,0.689,-0.268,0.629,-0.241,-100.622,17.754,-146.187,0.015
12:08:42.265610,1566,0.698,-0.261,0.623,-0.238,-100.192,17.567,-148.538,0.036
12:08:42.332347,1590,0.692,-0.256,0.633,-0.236,-100.585,18.812,-146.184,0.068
12:08:42.397267,1606,0.679,-0.264,0.642,-0.238,-101.153,19.763,-142.060,0.029
12:08:42.459371,1630,0.641,-0.274,0.672,-0.249,-101.663,24.398,-129.549,0.048
12:08:42.527239,1654,0.607,-0.281,0.700,-0.250,-100.911,27.931,-117.960,0.049
12:08:42.595693,1670,0.577,-0.283,0.723,-0.254,-99.604,32.497,-108.700,0.055
12:08:42.662789,1694,0.543,-0.286,0.748,-0.253,-97.116,36.089,-97.660,0.047
12:08:42.728575,1710,0.531,-0.288,0.757,-0.249,-96.019,36.815,-93.497,0.043
12:08:42.794054,1734,0.557,-0.283,0.744,-0.238,-97.896,32.325,-99.800,0.051
12:08:42.861280,1758,0.592,-0.272,0.721,-0.236,-100.148,29.478,-110.744,0.052
12:08:42.925963,1774,0.604,-0.266,0.711,-0.242,-100.605,30.090,-115.574,0.047
12:08:42.990606,1798,0.643,-0.260,0.681,-0.235,-101.895,25.024,-128.387,0.049
12:08:43.058891,1822,0.693,-0.256,0.637,-0.221,-100.702,16.875,-144.661,0.030
12:08:43.123376,1838,0.706,-0.252,0.624,-0.220,-99.869,15.698,-149.668,0.035
12:08:43.191189,1862,0.719,-0.250,0.610,-0.219,-99.160,14.321,-154.554,0.041
12:08:43.257042,1886,0.710,-0.248,0.620,-0.223,-100.030,16.564,-151.871,0.067
12:08:43.324536,1902,0.695,-0.254,0.633,-0.227,-100.751,18.153,-146.805,0.021
12:08:43.390779,1926,0.659,-0.261,0.670,-0.221,-101.788,20.435,-132.445,0.046
12:08:43.458251,1950,0.631,-0.274,0.693,-0.215,-101.318,20.374,-121.355,0.056
12:08:43.524549,1966,0.603,-0.281,0.715,-0.216,-100.557,22.712,-112.023,0.057
12:08:43.587579,1990,0.552,-0.292,0.749,-0.221,-97.154,28.103,-95.886,0.061
12:08:43.655950,2014,0.532,-0.298,0.763,-0.215,-95.243,28.527,-89.105,0.047
12:08:43.722976,2030,0.546,-0.296,0.755,-0.210,-96.299,26.268,-92.580,0.055
12:08:43.786769,2054,0.574,-0.288,0.737,-0.211,-98.649,24.100,-101.790,0.051
12:08:43.853362,2078,0.601,-0.280,0.717,-0.213,-100.159,22.672,-110.794,0.051
12:08:43.919282,2094,0.626,-0.274,0.699,-0.211,-101.049,20.430,-118.897,0.040
12:08:43.987217,2118,0.661,-0.265,0.668,-0.215,-101.441,18.200,-131.891,0.057
12:08:44.051676,2142,0.705,-0.251,0.626,-0.219,-100.425,16.144,-149.858,0.043
12:08:44.119296,2158,0.726,-0.242,0.602,-0.226,-98.454,16.089,-158.240,0.046
12:08:44.185832,2182,0.728,-0.239,0.598,-0.236,-98.399,18.227,-160.292,0.025
12:08:44.251810,2198,0.714,-0.239,0.614,-0.238,-99.398,20.256,-154.865,0.040
12:08:44.318362,2222,0.706,-0.252,0.622,-0.225,-100.050,16.396,-150.453,0.031
12:08:44.388892,2246,0.709,-0.278,0.618,-0.196,-99.483,5.975,-148.128,0.040
12:08:44.450104,2270,0.711,-0.305,0.612,-0.161,-97.494,-5.844,-144.972,0.040
12:08:44.522829,2286,0.713,-0.321,0.608,-0.136,-96.009,-13.694,-144.029,0.062
12:08:44.589246,2310,0.703,-0.339,0.612,-0.128,-95.474,-17.494,-139.490,0.062
12:08:44.654445,2334,0.686,-0.329,0.631,-0.154,-97.727,-8.975,-134.818,0.056
12:08:44.721692,2350,0.679,-0.315,0.636,-0.187,-99.720,0.698,-135.783,0.020
12:08:44.786170,2374,0.662,-0.283,0.652,-0.239,-101.523,18.103,-135.891,0.031
12:08:44.851691,2398,0.645,-0.258,0.670,-0.264,-101.517,29.981,-132.949,0.034
12:08:44.920182,2414,0.626,-0.244,0.686,-0.279,-100.947,37.579,-128.857,0.036
12:08:44.986103,2438,0.610,-0.231,0.698,-0.296,-99.995,44.913,-126.020,0.034
12:08:45.049703,2462,0.623,-0.240,0.682,-0.298,-100.378,41.967,-130.989,0.044
12:08:45.114981,2478,0.636,-0.249,0.675,-0.279,-101.205,35.222,-132.366,0.038
12:08:45.186853,2502,0.656,-0.283,0.657,-0.240,-101.644,19.137,-133.716,0.053
12:08:45.254407,2526,0.665,-0.304,0.652,-0.201,-100.619,7.096,-131.944,0.034
12:08:45.321383,2542,0.674,-0.312,0.646,-0.176,-99.457,-0.009,-132.153,0.078
12:08:45.387394,2566,0.683,-0.325,0.636,-0.154,-98.275,-7.378,-133.825,0.037
12:08:45.452786,2590,0.686,-0.325,0.633,-0.152,-97.898,-8.210,-134.605,0.036
12:08:45.516631,2606,0.688,-0.318,0.632,-0.161,-98.486,-5.367,-136.067,0.025
12:08:45.587941,2630,0.679,-0.291,0.649,-0.184,-100.608,5.597,-135.265,0.023
12:08:45.648790,2654,0.649,-0.264,0.674,-0.235,-101.660,23.341,-130.282,0.069
12:08:45.715072,2670,0.633,-0.246,0.685,-0.263,-101.512,33.565,-128.866,0.054
12:08:45.787474,2694,0.615,-0.235,0.693,-0.294,-100.150,43.479,-127.282,0.050
12:08:45.854104,2718,0.604,-0.213,0.706,-0.302,-99.003,50.535,-125.094,0.054
12:08:45.920104,2734,0.603,-0.210,0.707,-0.305,-98.632,51.631,-124.965,0.057
12:08:45.986998,2758,0.612,-0.224,0.701,-0.289,-100.045,45.273,-125.779,0.040
12:08:46.053083,2782,0.634,-0.253,0.685,-0.254,-101.472,30.657,-127.798,0.053
12:08:46.112982,2798,0.650,-0.278,0.670,-0.229,-101.560,19.204,-129.635,0.054
12:08:46.178701,2822,0.657,-0.306,0.662,-0.192,-100.504,6.518,-127.833,0.032
12:08:46.245065,2838,0.654,-0.324,0.662,-0.170,-99.517,-0.774,-124.726,0.020
12:08:46.314570,2862,0.663,-0.338,0.655,-0.129,-97.037,-11.890,-124.312,0.045
12:08:46.377567,2886,0.664,-0.347,0.653,-0.115,-95.943,-16.258,-123.603,0.031
12:08:46.443293,2902,0.660,-0.340,0.658,-0.128,-96.714,-12.113,-122.686,0.047
12:08:46.511267,2926,0.657,-0.324,0.661,-0.162,-99.035,-2.483,-124.589,0.049
12:08:46.576700,2950,0.654,-0.301,0.665,-0.200,-100.928,9.115,-127.749,0.039
12:08:46.647627,2966,0.648,-0.284,0.671,-0.223,-101.402,17.405,-128.162,0.035
12:08:46.714904,2990,0.633,-0.252,0.682,-0.265,-101.324,32.744,-128.906,0.049
12:08:46.773824,3014,0.621,-0.228,0.688,-0.299,-100.152,44.786,-130.375,0.031
12:08:46.847919,3030,0.603,-0.216,0.702,-0.313,-98.665,51.747,-126.459,0.035
12:08:46.913222,3054,0.600,-0.211,0.707,-0.309,-98.560,52.377,-124.811,0.055
12:08:46.979487,3078,0.616,-0.228,0.698,-0.284,-100.058,42.863,-125.856,0.050
12:08:47.045879,3094,0.630,-0.250,0.688,-0.260,-101.289,33.119,-127.073,0.029
12:08:47.103911,3118,0.634,-0.276,0.688,-0.221,-101.476,20.995,-123.300,0.036
12:08:47.178873,3142,0.640,-0.299,0.685,-0.179,-100.606,7.931,-120.642,0.044
12:08:47.244899,3158,0.647,-0.320,0.674,-0.158,-99.140,-0.893,-120.686,0.039
12:08:47.303095,3182,0.648,-0.342,0.668,-0.128,-96.965,-10.912,-118.873,0.055
12:08:47.370475,3206,0.646,-0.350,0.668,-0.116,-95.932,-14.612,-117.226,0.064
12:08:47.443883,3222,0.639,-0.346,0.676,-0.124,-96.355,-11.361,-114.880,0.064
12:08:47.503210,3246,0.625,-0.333,0.691,-0.147,-98.066,-2.673,-111.985,0.052
12:08:47.575111,3270,0.593,-0.305,0.724,-0.178,-98.491,12.609,-103.843,0.051
12:08:47.642452,3286,0.576,-0.294,0.735,-0.201,-98.693,21.229,-101.453,0.046
12:08:47.706807,3310,0.560,-0.274,0.745,-0.236,-97.953,33.298,-100.491,0.050
12:08:47.774176,3326,0.561,-0.261,0.742,-0.257,-98.189,39.420,-104.008,0.046
12:08:47.839727,3350,0.586,-0.245,0.717,-0.285,-99.474,43.885,-116.637,0.049
12:08:47.905846,3374,0.631,-0.229,0.684,-0.285,-100.581,40.875,-131.408,0.046
12:08:47.974282,3390,0.656,-0.239,0.666,-0.263,-101.536,32.301,-137.325,0.077
12:08:48.037732,3414,0.666,-0.254,0.666,-0.221,-101.205,20.897,-133.822,0.042
12:08:48.105148,3438,0.675,-0.273,0.662,-0.178,-100.955,8.845,-133.050,0.049
12:08:48.172122,3454,0.667,-0.281,0.669,-0.171,-100.787,6.998,-129.298,0.043
12:08:48.237088,3478,0.636,-0.285,0.695,-0.177,-100.431,10.878,-118.438,0.049
12:08:48.304075,3502,0.617,-0.292,0.709,-0.178,-100.023,12.328,-112.244,0.052
12:08:48.371054,3518,0.597,-0.293,0.725,-0.182,-99.255,15.304,-105.800,0.059
12:08:48.435782,3542,0.569,-0.292,0.743,-0.198,-97.840,21.731,-98.421,0.060
12:08:48.501647,3566,0.552,-0.282,0.754,-0.218,-97.101,29.693,-95.706,0.044
12:08:48.570926,3582,0.549,-0.271,0.757,-0.228,-97.052,33.769,-96.033,0.041
12:08:48.635810,3606,0.558,-0.263,0.748,-0.246,-97.826,37.482,-101.206,0.054
12:08:48.701814,3630,0.576,-0.251,0.733,-0.262,-99.147,40.245,-109.414,0.041
12:08:48.767593,3646,0.592,-0.247,0.719,-0.268,-99.934,39.773,-115.638,0.051
12:08:48.835056,3670,0.628,-0.242,0.695,-0.254,-101.284,33.774,-125.527,0.053
12:08:48.903122,3694,0.651,-0.248,0.679,-0.232,-101.723,25.757,-130.641,0.050
12:08:48.966573,3710,0.661,-0.254,0.674,-0.210,-101.759,19.784,-131.685,0.038
12:08:49.033701,3734,0.673,-0.271,0.664,-0.178,-100.908,9.485,-132.253,0.034
12:08:49.098073,3758,0.662,-0.296,0.669,-0.161,-100.138,2.751,-126.636,0.042
12:08:49.167288,3774,0.647,-0.311,0.678,-0.156,-99.557,0.637,-120.910,0.038
12:08:49.235990,3798,0.611,-0.324,0.705,-0.158,-98.311,2.864,-108.300,0.046
12:08:49.296728,3822,0.576,-0.327,0.729,-0.172,-97.240,9.449,-98.111,0.042
12:08:49.363943,3838,0.556,-0.322,0.743,-0.187,-96.299,15.700,-93.114,0.052
12:08:49.435581,3862,0.527,-0.310,0.762,-0.212,-94.709,26.443,-87.268,0.048
12:08:49.502402,3886,0.525,-0.294,0.763,-0.237,-95.190,34.074,-90.030,0.054
12:08:49.568392,3902,0.544,-0.276,0.752,-0.252,-96.998,38.094,-97.787,0.057
12:08:49.635295,3926,0.559,-0.244,0.743,-0.277,-97.658,46.408,-106.480,0.061
12:08:49.700470,3950,0.589,-0.231,0.719,-0.288,-99.112,46.651,-117.872,0.041
12:08:49.768141,3966,0.619,-0.228,0.700,-0.275,-100.576,41.482,-125.956,0.040
12:08:49.832848,3990,0.651,-0.237,0.675,-0.253,-101.562,31.799,-133.916,0.040
12:08:49.899151,4014,0.670,-0.263,0.657,-0.225,-101.531,19.138,-136.934,0.053
12:08:49.964338,4030,0.673,-0.287,0.650,-0.207,-100.906,10.811,-135.522,0.040
12:08:50.031922,4054,0.670,-0.323,0.644,-0.176,-99.407,-1.639,-131.302,0.054
12:08:50.098832,4078,0.638,-0.353,0.667,-0.156,-97.763,-6.936,-117.659,0.042
12:08:50.163815,4094,0.608,-0.370,0.687,-0.148,-96.213,-7.833,-106.708,0.042
12:08:50.230903,4118,0.564,-0.376,0.719,-0.153,-93.918,-2.233,-92.464,0.053
12:08:50.296849,4134,0.539,-0.368,0.739,-0.169,-93.393,6.017,-86.179,0.048
12:08:50.363426,4158,0.504,-0.343,0.767,-0.201,-91.888,21.520,-79.277,0.051
12:08:50.429751,4182,0.481,-0.316,0.785,-0.228,-90.195,34.256,-76.270,0.062
12:08:50.495339,4198,0.469,-0.301,0.792,-0.248,-89.233,42.381,-75.986,0.042
12:08:50.560581,4222,0.479,-0.282,0.781,-0.285,-91.142,51.175,-84.677,0.048
12:08:50.626217,4246,0.495,-0.264,0.758,-0.332,-92.680,60.290,-97.513,0.046
12:08:50.691171,4262,0.511,-0.254,0.742,-0.351,-93.787,62.865,-105.695,0.050
12:08:50.759420,4286,0.563,-0.237,0.707,-0.357,-96.734,59.583,-122.345,0.048
12:08:50.822690,4310,0.608,-0.224,0.678,-0.347,-98.294,53.907,-134.886,0.040
12:08:50.891385,4326,0.650,-0.224,0.652,-0.319,-99.565,44.020,-144.404,0.043
12:08:50.954351,4350,0.679,-0.247,0.630,-0.287,-100.248,30.189,-148.950,0.075
12:08:51.022634,4374,0.711,-0.271,0.600,-0.246,-99.042,14.230,-155.310,0.034
12:08:51.091366,4390,0.727,-0.284,0.585,-0.219,-97.629,5.073,-158.287,0.039
12:08:51.152519,4414,0.730,-0.304,0.585,-0.183,-96.264,-5.131,-154.726,0.075
12:08:51.218547,4438,0.723,-0.331,0.588,-0.147,-94.844,-15.576,-148.958,0.033
12:08:51.288074,4454,0.710,-0.343,0.602,-0.126,-94.487,-19.698,-142.306,0.046
12:08:51.349486,4478,0.673,-0.366,0.632,-0.118,-94.687,-20.905,-127.779,0.034
12:08:51.416987,4494,0.649,-0.373,0.654,-0.114,-94.348,-19.780,-118.099,0.051
12:08:51.489055,4518,0.619,-0.379,0.678,-0.117,-94.140,-16.509,-108.060,0.035
12:08:51.555504,4542,0.587,-0.374,0.706,-0.128,-93.853,-9.544,-97.891,0.047
12:08:51.620777,4558,0.567,-0.372,0.722,-0.137,-93.539,-4.570,-92.240,0.049
12:08:51.687088,4582,0.539,-0.365,0.743,-0.153,-92.540,3.553,-84.846,0.053
12:08:51.753092,4606,0.510,-0.349,0.768,-0.168,-90.791,13.232,-77.483,0.052
12:08:51.813708,4622,0.495,-0.337,0.781,-0.179,-89.791,19.340,-74.371,0.050
12:08:51.885069,4646,0.481,-0.320,0.790,-0.202,-89.297,28.652,-73.233,0.049
12:08:51.952160,4670,0.481,-0.302,0.790,-0.231,-90.137,37.579,-76.768,0.054
12:08:52.017065,4686,0.484,-0.288,0.788,-0.251,-90.881,43.244,-80.399,0.052
12:08:52.085862,4710,0.495,-0.265,0.779,-0.280,-92.182,51.403,-88.017,0.044
12:08:52.173758,4742,0.517,-0.236,0.763,-0.308,-93.657,58.444,-99.161,0.040
12:08:52.237663,4758,0.534,-0.226,0.752,-0.313,-94.618,59.005,-104.813,0.040
12:08:52.304619,4782,0.576,-0.214,0.725,-0.311,-97.218,55.688,-117.459,0.043
12:08:52.378657,4806,0.609,-0.203,0.706,-0.300,-98.563,51.617,-126.150,0.034
12:08:52.445612,4822,0.635,-0.201,0.692,-0.280,-99.910,45.492,-131.749,0.052
12:08:52.510018,4846,0.672,-0.209,0.660,-0.262,-100.455,36.223,-142.287,0.013
12:08:52.577255,4870,0.701,-0.216,0.636,-0.240,-100.493,28.040,-150.945,0.059
12:08:52.642189,4886,0.719,-0.223,0.617,-0.228,-99.518,21.888,-156.013,0.017
12:08:52.707717,4910,0.734,-0.248,0.598,-0.205,-98.294,11.061,-158.913,0.021
12:08:52.772949,4934,0.734,-0.260,0.604,-0.169,-97.888,2.386,-155.290,0.049
12:08:52.841460,4950,0.732,-0.279,0.603,-0.149,-97.040,-4.605,-152.663,0.060
12:08:52.908630,4974,0.724,-0.309,0.604,-0.124,-95.654,-13.970,-147.396,0.035
12:08:52.972764,4998,0.702,-0.331,0.622,-0.099,-94.676,-20.497,-137.551,0.043
12:08:53.037981,5014,0.684,-0.345,0.636,-0.093,-94.142,-22.264,-129.738,0.046
12:08:53.104331,5038,0.643,-0.359,0.669,-0.095,-93.968,-19.777,-114.920,0.038
12:08:53.171717,5062,0.604,-0.363,0.701,-0.106,-93.712,-13.719,-101.982,0.044
12:08:53.237832,5078,0.584,-0.358,0.719,-0.113,-93.524,-8.885,-95.891,0.064
12:08:53.302729,5102,0.545,-0.348,0.749,-0.140,-92.673,3.184,-85.494,0.043
12:08:53.375690,5126,0.509,-0.338,0.774,-0.168,-90.824,15.211,-77.198,0.054
12:08:53.441665,5142,0.491,-0.331,0.784,-0.185,-89.706,22.150,-73.931,0.051
12:08:53.507797,5166,0.469,-0.318,0.797,-0.210,-87.982,32.073,-70.847,0.056
12:08:53.573577,5190,0.468,-0.302,0.797,-0.233,-88.588,39.454,-73.717,0.057
12:08:53.638139,5206,0.472,-0.287,0.795,-0.252,-89.290,45.156,-77.310,0.055
12:08:53.704661,5230,0.480,-0.257,0.789,-0.286,-90.073,55.555,-84.942,0.047
12:08:53.771629,5254,0.493,-0.231,0.780,-0.308,-90.683,62.387,-92.306,0.055
12:08:53.835737,5270,0.507,-0.220,0.772,-0.314,-91.574,63.595,-97.167,0.042
12:08:53.903424,5294,0.533,-0.203,0.756,-0.322,-93.245,64.555,-106.159,0.047
12:08:53.968304,5318,0.569,-0.179,0.732,-0.329,-94.586,65.717,-118.466,0.048
12:08:54.039920,5334,0.599,-0.167,0.712,-0.327,-95.536,63.910,-127.294,0.046
12:08:54.100111,5358,0.640,-0.151,0.686,-0.312,-96.957,59.741,-139.228,0.062
12:08:54.172461,5382,0.682,-0.149,0.654,-0.292,-97.323,52.300,-150.686,0.070
12:08:54.231890,5398,0.707,-0.145,0.636,-0.272,-97.277,46.998,-157.299,0.043
12:08:54.297054,5422,0.736,-0.151,0.613,-0.243,-96.641,37.923,-164.040,0.052
12:08:54.365307,5446,0.753,-0.167,0.602,-0.207,-96.831,27.518,-166.044,0.043
12:08:54.437668,5462,0.768,-0.176,0.589,-0.178,-95.933,19.333,-169.338,0.046
12:08:54.504527,5486,0.757,-0.222,0.570,-0.232,-95.509,20.665,-168.827,0.750
12:08:54.571632,5510,0.767,-0.246,0.556,-0.206,-94.625,10.566,-170.836,0.681
12:08:54.635681,5526,0.780,-0.227,0.571,-0.118,-93.503,-2.639,-169.642,0.042
12:08:54.700427,5550,0.774,-0.243,0.578,-0.089,-93.209,-9.990,-165.165,0.047
12:08:54.766502,5574,0.757,-0.262,0.595,-0.068,-93.417,-15.871,-157.021,0.076
12:08:54.833780,5590,0.740,-0.273,0.611,-0.060,-94.295,-17.998,-150.291,0.040
12:08:54.900501,5614,0.709,-0.272,0.648,-0.058,-95.825,-15.551,-136.909,0.033
12:08:54.967610,5630,0.682,-0.279,0.672,-0.070,-97.267,-12.123,-127.434,0.052
12:08:55.032275,5654,0.646,-0.275,0.706,-0.098,-98.458,-2.443,-115.240,0.056
12:08:55.097096,5678,0.615,-0.277,0.727,-0.131,-98.757,6.805,-106.965,0.042
12:08:55.165692,5702,0.572,-0.278,0.752,-0.174,-97.400,19.613,-96.535,0.048
12:08:55.236236,5718,0.547,-0.281,0.763,-0.199,-96.169,26.896,-91.829,0.047
12:08:55.297488,5742,0.521,-0.277,0.776,-0.222,-94.136,35.252,-86.743,0.045
12:08:55.365315,5758,0.501,-0.269,0.787,-0.238,-92.214,41.890,-83.307,0.048
12:08:55.426520,5782,0.480,-0.260,0.795,-0.265,-89.773,51.152,-81.361,0.052
12:08:55.500499,5806,0.475,-0.244,0.793,-0.293,-88.950,59.516,-84.707,0.046
12:08:55.566883,5822,0.480,-0.230,0.788,-0.308,-88.998,63.962,-88.661,0.034
12:08:55.633499,5846,0.495,-0.213,0.776,-0.328,-89.725,68.571,-96.410,0.039
12:08:55.699515,5870,0.538,-0.195,0.749,-0.334,-92.720,67.522,-109.668,0.043
12:08:55.764714,5886,0.576,-0.175,0.730,-0.324,-94.927,64.769,-119.596,0.055
12:08:55.830871,5910,0.616,-0.163,0.699,-0.325,-95.887,62.417,-132.675,0.039
12:08:55.898692,5934,0.653,-0.145,0.667,-0.329,-95.390,61.939,-146.688,0.044
12:08:55.964248,5950,0.680,-0.131,0.643,-0.327,-93.959,60.975,-155.613,0.041
12:08:56.029650,5974,0.716,-0.126,0.609,-0.316,-92.717,55.484,-167.808,0.058
12:08:56.096387,5998,0.742,-0.125,0.591,-0.291,-92.338,49.200,-173.291,0.069
12:08:56.160697,6014,0.744,-0.136,0.590,-0.282,-93.265,45.423,-173.459,0.048
12:08:56.225531,6038,0.738,-0.163,0.578,-0.309,-92.980,45.578,-173.138,0.567
12:08:56.291152,6062,0.755,-0.175,0.562,-0.288,-92.695,37.887,-176.656,0.602
12:08:56.357247,6078,0.766,-0.186,0.552,-0.273,-92.397,32.450,-178.141,0.671
12:08:56.424111,6102,0.779,-0.196,0.543,-0.247,-91.948,24.516,-180.432,0.592
12:08:56.490837,6118,0.785,-0.203,0.540,-0.228,-91.825,19.211,-181.254,0.549
12:08:56.556648,6142,0.793,-0.220,0.532,-0.200,-90.919,10.760,-181.453,0.562
12:08:56.626446,6166,0.801,-0.210,0.554,-0.085,-90.702,-5.716,-176.885,0.067
12:08:56.687116,6182,0.796,-0.224,0.559,-0.063,-90.558,-11.504,-173.139,0.102
12:08:56.755415,6206,0.781,-0.242,0.574,-0.040,-90.574,-18.060,-165.948,0.034
12:08:56.820250,6230,0.763,-0.252,0.596,-0.014,-90.989,-23.039,-157.575,0.059
12:08:56.888754,6246,0.747,-0.268,0.608,-0.015,-91.273,-25.080,-151.117,0.027
12:08:56.952049,6270,0.723,-0.284,0.630,-0.010,-92.118,-27.135,-141.740,0.013
12:08:57.021624,6294,0.686,-0.289,0.668,-0.008,-92.842,-25.728,-126.841,0.027
12:08:57.083808,6310,0.662,-0.289,0.691,-0.003,-92.816,-24.918,-117.986,0.061
12:08:57.155877,6334,0.630,-0.287,0.722,-0.007,-92.308,-21.053,-106.059,0.054
12:08:57.221872,6358,0.600,-0.287,0.746,-0.025,-92.035,-14.925,-96.263,0.037
12:08:57.288012,6374,0.579,-0.283,0.763,-0.039,-91.516,-9.557,-89.551,0.044
12:08:57.353961,6398,0.541,-0.274,0.793,-0.062,-89.569,0.280,-78.452,0.047
12:08:57.419987,6422,0.506,-0.265,0.815,-0.095,-87.230,12.248,-69.763,0.051
12:08:57.484744,6438,0.495,-0.257,0.823,-0.111,-86.565,18.123,-67.591,0.048
12:08:57.551858,6462,0.477,-0.244,0.832,-0.142,-85.292,28.606,-65.217,0.046
12:08:57.616843,6486,0.471,-0.224,0.838,-0.163,-84.849,36.919,-65.497,0.053
12:08:57.681087,6502,0.470,-0.207,0.840,-0.177,-84.583,42.602,-66.426,0.061
12:08:57.747052,6526,0.460,-0.192,0.841,-0.210,-83.411,52.885,-67.985,0.057
12:08:57.819546,6550,0.461,-0.181,0.836,-0.236,-83.327,59.972,-71.704,0.051
12:08:57.887014,6566,0.466,-0.174,0.830,-0.252,-83.775,63.832,-75.223,0.046
12:08:57.953918,6590,0.479,-0.166,0.819,-0.270,-85.177,67.539,-81.441,0.044
12:08:58.018888,6614,0.509,-0.152,0.797,-0.287,-88.009,69.998,-92.464,0.054
12:08:58.085541,6630,0.527,-0.137,0.785,-0.294,-88.936,72.183,-98.879,0.053
12:08:58.155226,6654,0.556,-0.124,0.766,-0.298,-90.969,72.171,-108.147,0.037
12:08:58.217882,6678,0.588,-0.115,0.745,-0.293,-93.198,69.681,-117.594,0.049
12:08:58.287988,6694,0.618,-0.113,0.723,-0.289,-94.942,66.613,-126.898,0.037
12:08:58.353412,6718,0.646,-0.104,0.701,-0.283,-95.613,64.121,-135.831,0.054
12:08:58.419892,6742,0.681,-0.118,0.670,-0.269,-97.206,55.792,-146.831,0.051
12:08:58.485954,6758,0.700,-0.129,0.655,-0.255,-97.599,49.161,-151.010,0.021
12:08:58.552367,6782,0.725,-0.144,0.638,-0.216,-98.885,37.329,-156.065,0.038
12:08:58.618513,6806,0.746,-0.164,0.622,-0.174,-98.619,23.984,-159.386,0.055
12:08:58.722937,6838,0.761,-0.196,0.607,-0.118,-97.612,6.809,-162.047,0.031
12:08:58.790321,6862,0.747,-0.224,0.616,-0.105,-97.439,-0.342,-154.937,0.065
12:08:58.854365,6878,0.731,-0.241,0.631,-0.097,-97.977,-4.133,-148.034,0.053
12:08:58.923369,6902,0.712,-0.269,0.643,-0.081,-97.070,-10.949,-139.372,0.028
12:08:58.991415,6926,0.690,-0.289,0.661,-0.064,-96.195,-15.891,-130.027,0.041
12:08:59.054085,6942,0.670,-0.292,0.681,-0.053,-95.698,-16.799,-122.097,0.044
12:08:59.121458,6966,0.641,-0.287,0.711,-0.039,-94.737,-15.733,-110.685,0.041
12:08:59.187737,6990,0.606,-0.269,0.748,-0.039,-93.957,-9.354,-98.252,0.056
12:08:59.258487,7006,0.584,-0.263,0.767,-0.051,-93.393,-3.747,-91.298,0.056
12:08:59.324684,7030,0.550,-0.255,0.792,-0.076,-91.719,5.810,-81.613,0.047
12:08:59.391197,7054,0.524,-0.238,0.812,-0.095,-89.823,14.988,-74.812,0.047
12:08:59.456693,7070,0.515,-0.232,0.818,-0.111,-89.280,20.444,-73.076,0.048
12:08:59.523658,7094,0.501,-0.215,0.827,-0.138,-88.257,30.378,-71.250,0.050
12:08:59.589528,7110,0.501,-0.205,0.827,-0.156,-88.568,35.807,-72.756,0.052
12:08:59.655563,7134,0.517,-0.192,0.813,-0.187,-90.987,43.063,-80.642,0.051
12:08:59.722160,7158,0.544,-0.181,0.790,-0.217,-94.049,48.562,-92.591,0.045
12:08:59.786149,7174,0.564,-0.177,0.773,-0.230,-95.743,49.912,-100.477,0.051
12:08:59.851984,7198,0.597,-0.174,0.750,-0.226,-98.478,46.058,-110.655,0.048
12:08:59.920426,7222,0.647,-0.181,0.712,-0.206,-101.020,36.229,-125.086,0.046
12:08:59.982669,7238,0.678,-0.184,0.686,-0.188,-101.526,29.335,-134.618,0.039
12:09:00.047578,7262,0.684,-0.197,0.679,-0.182,-101.491,25.038,-136.085,0.045
12:09:00.118204,7286,0.690,-0.212,0.677,-0.147,-101.397,15.165,-134.977,0.061
12:09:00.181782,7302,0.690,-0.224,0.676,-0.129,-100.751,9.201,-133.578,0.054
12:09:00.246162,7326,0.689,-0.244,0.674,-0.104,-99.933,0.951,-131.587,0.057
12:09:00.320282,7350,0.682,-0.246,0.684,-0.082,-99.172,-2.753,-127.347,0.051
12:09:00.385187,7366,0.672,-0.248,0.694,-0.078,-98.936,-3.125,-123.335,0.030
12:09:00.451346,7390,0.648,-0.250,0.716,-0.076,-98.513,-1.762,-114.361,0.040
12:09:00.516673,7414,0.624,-0.252,0.736,-0.082,-97.757,1.127,-106.147,0.052
12:09:00.583233,7430,0.610,-0.250,0.747,-0.087,-97.290,3.751,-101.699,0.053
12:09:00.649278,7454,0.583,-0.237,0.771,-0.101,-96.232,11.403,-93.562,0.057
12:09:00.714376,7478,0.561,-0.225,0.787,-0.119,-94.968,19.389,-87.861,0.049
12:09:00.779687,7494,0.550,-0.217,0.795,-0.135,-94.329,25.046,-85.744,0.049
12:09:00.853301,7518,0.535,-0.206,0.803,-0.159,-93.090,33.214,-83.335,0.049
12:09:00.915686,7542,0.536,-0.198,0.801,-0.176,-93.421,38.196,-85.419,0.055
12:09:00.986020,7558,0.548,-0.196,0.791,-0.189,-94.714,39.973,-90.427,0.052
12:09:01.052569,7582,0.570,-0.188,0.772,-0.209,-96.814,43.073,-99.535,0.046
12:09:01.119336,7606,0.609,-0.181,0.743,-0.213,-99.328,41.671,-112.895,0.033
12:09:01.186634,7622,0.628,-0.174,0.729,-0.209,-100.230,40.131,-119.155,0.047
12:09:01.253001,7646,0.675,-0.176,0.693,-0.179,-101.569,29.840,-132.731,0.035
12:09:01.319161,7670,0.700,-0.182,0.676,-0.142,-101.606,19.760,-138.704,0.044
12:09:01.384587,7686,0.699,-0.184,0.681,-0.118,-101.278,14.894,-136.135,0.046
12:09:01.451361,7710,0.698,-0.195,0.684,-0.081,-100.396,5.787,-133.220,0.051
12:09:01.519360,7734,0.694,-0.217,0.684,-0.052,-99.190,-3.453,-130.614,0.027
12:09:01.582686,7750,0.681,-0.226,0.695,-0.040,-98.564,-6.510,-125.336,0.041
12:09:01.648066,7774,0.650,-0.234,0.722,-0.032,-97.383,-7.379,-113.667,0.030
12:09:01.714628,7798,0.613,-0.232,0.755,-0.033,-95.553,-4.244,-100.166,0.048
12:09:01.779127,7814,0.585,-0.227,0.778,-0.045,-94.335,1.298,-91.334,0.058
12:09:01.846544,7838,0.543,-0.214,0.809,-0.070,-91.377,12.001,-79.030,0.048
12:09:01.910478,7862,0.517,-0.200,0.826,-0.097,-89.158,22.184,-72.830,0.053
12:09:01.975894,7878,0.514,-0.194,0.828,-0.115,-89.190,27.304,-72.970,0.058
12:09:02.048351,7902,0.511,-0.182,0.828,-0.144,-89.231,35.976,-74.388,0.046
12:09:02.114344,7926,0.523,-0.173,0.816,-0.173,-91.228,42.973,-81.055,0.054
12:09:02.180631,7942,0.531,-0.160,0.811,-0.187,-91.871,47.104,-84.855,0.051
12:09:02.245106,7966,0.550,-0.150,0.799,-0.194,-93.632,48.917,-91.259,0.043
12:09:02.311807,7982,0.566,-0.148,0.787,-0.197,-95.066,48.250,-96.424,0.047
12:09:02.376622,8006,0.604,-0.149,0.762,-0.183,-98.629,42.439,-107.553,0.041
12:09:02.443888,8030,0.647,-0.154,0.730,-0.157,-101.000,32.721,-119.865,0.063
12:09:02.510476,8046,0.673,-0.164,0.709,-0.133,-101.845,24.282,-127.592,0.055
12:09:02.577343,8070,0.690,-0.179,0.694,-0.103,-101.387,14.292,-131.455,0.019
12:09:02.643285,8094,0.684,-0.191,0.699,-0.080,-100.767,7.810,-127.720,0.026
12:09:02.709288,8110,0.677,-0.196,0.706,-0.064,-100.252,4.051,-124.515,0.043
12:09:02.774056,8134,0.651,-0.203,0.729,-0.057,-99.534,3.448,-114.606,0.033
12:09:02.842108,8158,0.613,-0.195,0.763,-0.062,-97.839,8.689,-101.241,0.044
12:09:02.906861,8174,0.592,-0.184,0.781,-0.073,-96.688,14.289,-94.526,0.049
12:09:02.973190,8198,0.567,-0.173,0.799,-0.100,-95.191,23.858,-88.213,0.041
12:09:03.040317,8222,0.559,-0.166,0.803,-0.122,-94.480,30.413,-86.897,0.042
12:09:03.106817,8238,0.567,-0.161,0.797,-0.133,-95.492,32.824,-90.415,0.051
12:09:03.172978,8262,0.597,-0.153,0.775,-0.142,-98.089,33.931,-101.040,0.044
12:09:03.237910,8286,0.617,-0.149,0.761,-0.134,-99.533,31.790,-107.258,0.053
12:09:03.306849,8302,0.626,-0.151,0.756,-0.119,-99.987,27.555,-109.029,0.038
12:09:03.370236,8326,0.636,-0.161,0.749,-0.096,-100.354,20.477,-110.902,0.052
12:09:03.436538,8350,0.633,-0.170,0.751,-0.084,-99.886,16.592,-109.149,0.056
12:09:03.503101,8366,0.611,-0.173,0.767,-0.088,-98.596,18.310,-101.845,0.051
12:09:03.569416,8390,0.589,-0.172,0.783,-0.099,-97.094,22.082,-95.103,0.047
12:09:03.635591,8414,0.582,-0.166,0.788,-0.115,-96.720,27.007,-93.829,0.045
12:09:03.700924,8430,0.581,-0.160,0.788,-0.126,-96.685,30.597,-94.251,0.047
12:09:03.766560,8454,0.612,-0.154,0.766,-0.123,-99.118,28.930,-104.459,0.042
12:09:03.832578,8478,0.651,-0.152,0.736,-0.108,-101.066,23.111,-117.137,0.035
12:09:03.897066,8494,0.678,-0.158,0.712,-0.096,-101.654,18.163,-126.337,0.052
12:09:03.970912,8518,0.689,-0.153,0.703,-0.088,-101.658,16.978,-129.982,0.075
12:09:04.037418,8542,0.661,-0.148,0.731,-0.084,-101.013,18.848,-118.805,0.046
12:09:04.103516,8558,0.629,-0.147,0.759,-0.082,-99.802,20.542,-107.451,0.059
12:09:04.170775,8582,0.574,-0.148,0.800,-0.090,-95.450,25.495,-89.494,0.050
12:09:04.235382,8606,0.557,-0.149,0.811,-0.097,-93.709,27.839,-84.409,0.054
12:09:04.301404,8622,0.571,-0.151,0.801,-0.099,-95.228,27.079,-88.884,0.046
12:09:04.368849,8646,0.615,-0.149,0.769,-0.096,-99.016,24.034,-103.310,0.045
12:09:04.433150,8662,0.640,-0.141,0.750,-0.094,-100.592,23.186,-112.116,0.061
12:09:04.497829,8686,0.691,-0.149,0.702,-0.084,-101.753,16.927,-130.683,0.044
12:09:04.567475,8710,0.693,-0.149,0.699,-0.097,-101.666,19.472,-131.751,0.038
12:09:04.631870,8726,0.680,-0.140,0.712,-0.107,-101.500,23.238,-127.145,0.033
12:09:04.699202,8750,0.656,-0.141,0.732,-0.120,-101.371,27.788,-119.717,0.045
12:09:04.775952,8774,0.600,-0.132,0.777,-0.138,-98.137,36.739,-101.622,0.059
12:09:04.848772,8798,0.540,-0.124,0.818,-0.153,-91.758,45.102,-83.518,0.044
12:09:04.914961,8822,0.545,-0.123,0.814,-0.157,-92.336,45.629,-85.529,0.055
12:09:04.980691,8838,0.564,-0.126,0.800,-0.158,-94.536,44.295,-91.676,0.051
12:09:05.047089,8862,0.610,-0.132,0.767,-0.148,-98.619,37.878,-105.761,0.038
12:09:05.113562,8886,0.656,-0.144,0.728,-0.135,-101.340,29.778,-121.192,0.055
12:09:05.180479,8902,0.670,-0.144,0.716,-0.133,-101.379,28.484,-125.790,0.049
12:09:05.248219,8926,0.672,-0.145,0.714,-0.134,-101.754,28.513,-126.911,0.037
12:09:05.311481,8950,0.635,-0.145,0.744,-0.150,-100.484,34.296,-114.630,0.066
12:09:05.379060,8966,0.609,-0.138,0.765,-0.159,-98.710,39.272,-106.405,0.055
12:09:05.445340,8990,0.583,-0.127,0.780,-0.187,-96.147,48.832,-100.837,0.049
12:09:05.513169,9014,0.583,-0.118,0.780,-0.192,-95.679,51.392,-101.333,0.047
12:09:05.577596,9030,0.585,-0.123,0.780,-0.185,-96.133,48.892,-101.085,0.044
12:09:05.643883,9054,0.617,-0.142,0.759,-0.151,-99.254,36.119,-108.226,0.042
12:09:05.713042,9078,0.643,-0.162,0.740,-0.114,-100.800,23.196,-114.603,0.051
12:09:05.778485,9094,0.648,-0.176,0.734,-0.100,-100.706,17.646,-115.521,0.041
12:09:05.843068,9118,0.638,-0.181,0.741,-0.103,-100.285,17.725,-112.162,0.050
12:09:05.910903,9142,0.628,-0.176,0.745,-0.138,-100.345,26.446,-111.430,0.049
12:09:05.976300,9158,0.616,-0.171,0.748,-0.176,-99.772,35.680,-110.808,0.049
12:09:06.041670,9182,0.594,-0.144,0.761,-0.217,-97.166,50.609,-108.035,0.052
12:09:06.109126,9198,0.576,-0.135,0.769,-0.242,-95.049,58.437,-105.913,0.036
12:09:06.175682,9222,0.586,-0.138,0.762,-0.238,-96.014,56.250,-108.232,0.052
12:09:06.239321,9246,0.623,-0.156,0.744,-0.186,-99.673,39.890,-114.096,0.053
12:09:06.308398,9262,0.630,-0.173,0.741,-0.153,-100.460,29.868,-113.330,0.042
12:09:06.370772,9286,0.636,-0.202,0.735,-0.121,-100.509,17.720,-113.052,0.025
12:09:06.436926,9310,0.634,-0.201,0.738,-0.117,-100.254,16.833,-111.632,0.056
12:09:06.507405,9326,0.623,-0.190,0.744,-0.147,-100.133,25.800,-110.363,0.047
12:09:06.574088,9350,0.586,-0.161,0.765,-0.214,-97.206,47.691,-105.101,0.051
12:09:06.636788,9374,0.551,-0.130,0.783,-0.260,-92.055,64.922,-100.391,0.037
12:09:06.702602,9390,0.543,-0.119,0.787,-0.269,-90.373,69.353,-99.450,0.054
12:09:06.770254,9414,0.578,-0.129,0.765,-0.253,-94.580,61.416,-107.999,0.053
12:09:06.834162,9438,0.598,-0.141,0.759,-0.215,-97.417,50.491,-109.421,0.043
12:09:06.901477,9454,0.596,-0.149,0.765,-0.193,-97.837,45.027,-105.912,0.047
12:09:06.967943,9478,0.571,-0.155,0.782,-0.197,-95.904,46.887,-98.177,0.043
12:09:07.038350,9502,0.550,-0.149,0.793,-0.216,-93.359,53.410,-93.803,0.056
12:09:07.103439,9518,0.524,-0.145,0.806,-0.235,-90.050,59.960,-88.539,0.049
12:09:07.168970,9542,0.514,-0.145,0.810,-0.242,-88.945,62.115,-86.753,0.049
12:09:07.235702,9566,0.555,-0.145,0.789,-0.222,-93.684,54.611,-96.051,0.043
12:09:07.300755,9582,0.596,-0.151,0.763,-0.198,-97.823,45.498,-106.468,0.054
12:09:07.365713,9606,0.659,-0.162,0.716,-0.164,-101.468,31.263,-125.057,0.065
12:09:07.431732,9630,0.676,-0.173,0.697,-0.166,-101.780,27.984,-131.597,0.052
12:09:07.501691,9646,0.659,-0.165,0.713,-0.177,-101.449,33.361,-126.290,0.057
12:09:07.564648,9670,0.628,-0.154,0.734,-0.208,-99.596,44.144,-118.634,0.031
12:09:07.636206,9694,0.581,-0.132,0.766,-0.240,-95.198,58.218,-106.974,0.034
12:09:07.702097,9710,0.538,-0.120,0.794,-0.257,-90.096,67.167,-95.986,0.044
12:09:07.767316,9734,0.507,-0.114,0.815,-0.257,-85.948,70.653,-86.911,0.045
12:09:07.833330,9758,0.528,-0.119,0.806,-0.238,-89.416,64.586,-90.310,0.050
12:09:07.899455,9774,0.549,-0.127,0.795,-0.226,-92.476,59.273,-95.081,0.054
12:09:07.967220,9798,0.574,-0.143,0.774,-0.228,-95.344,54.739,-102.893,0.046
12:09:08.030327,9822,0.613,-0.148,0.740,-0.233,-98.146,51.216,-116.548,0.047
12:09:08.097654,9838,0.617,-0.141,0.734,-0.245,-97.847,54.204,-119.904,0.042
12:09:08.165309,9862,0.598,-0.133,0.740,-0.278,-95.391,63.129,-118.483,0.049
12:09:08.228839,9886,0.588,-0.128,0.739,-0.304,-93.701,69.362,-119.769,0.056
12:09:08.302287,9902,0.579,-0.127,0.740,-0.319,-92.324,72.924,-119.364,0.042
12:09:08.369082,9926,0.581,-0.129,0.740,-0.314,-92.661,71.386,-118.962,0.041
12:09:08.434312,9950,0.609,-0.132,0.736,-0.264,-96.316,59.704,-119.646,0.032
12:09:08.502223,9966,0.612,-0.142,0.743,-0.232,-97.926,51.939,-116.149,0.037
12:09:08.565270,9990,0.622,-0.169,0.740,-0.193,-100.014,38.818,-114.969,0.051
12:09:08.631326,10014,0.607,-0.177,0.749,-0.195,-99.237,38.762,-109.929,0.061
12:09:08.700662,10030,0.596,-0.169,0.753,-0.223,-98.078,46.739,-109.579,0.049
12:09:08.764906,10054,0.590,-0.142,0.742,-0.284,-95.069,63.635,-116.846,0.036
12:09:08.835476,10078,0.554,-0.112,0.755,-0.334,-88.553,80.544,-114.278,0.055
12:09:08.902721,10094,0.560,-0.120,0.752,-0.326,-90.140,77.476,-114.912,0.058
12:09:08.968015,10118,0.591,-0.127,0.752,-0.264,-95.271,62.546,-113.830,0.059
12:09:09.034104,10142,0.612,-0.150,0.748,-0.209,-98.703,46.138,-113.176,0.054
12:09:09.099846,10158,0.630,-0.172,0.734,-0.184,-100.538,35.858,-116.829,0.047
12:09:09.172499,10182,0.644,-0.190,0.724,-0.159,-101.279,26.287,-119.185,0.054
12:09:09.238211,10206,0.602,-0.193,0.748,-0.202,-99.212,37.646,-109.052,0.067
12:09:09.306461,10222,0.571,-0.186,0.757,-0.256,-96.489,52.066,-106.201,0.044
12:09:09.371988,10246,0.564,-0.155,0.745,-0.321,-92.945,69.892,-115.064,0.043
12:09:09.437777,10270,0.576,-0.139,0.728,-0.346,-91.702,75.141,-123.536,0.043
12:09:09.503233,10286,0.591,-0.151,0.723,-0.324,-94.265,68.048,-124.333,0.041
12:09:09.569958,10310,0.621,-0.175,0.718,-0.261,-99.028,49.548,-123.748,0.046
12:09:09.641118,10334,0.650,-0.208,0.705,-0.192,-101.420,27.969,-124.691,0.037
12:09:09.706927,10358,0.681,-0.238,0.682,-0.121,-100.558,5.883,-129.580,0.039
12:09:09.773355,10374,0.692,-0.252,0.672,-0.079,-98.539,-5.764,-130.932,0.049
12:09:09.839050,10398,0.703,-0.285,0.651,-0.031,-94.217,-22.190,-133.929,0.046
12:09:09.902940,10422,0.700,-0.306,0.646,-0.016,-91.825,-28.681,-132.377,0.057
12:09:09.968837,10438,0.689,-0.306,0.656,-0.038,-93.399,-23.942,-128.708,0.041
12:09:10.041970,10462,0.679,-0.277,0.672,-0.098,-98.648,-6.122,-127.752,0.029
12:09:10.108788,10486,0.647,-0.227,0.704,-0.184,-101.538,23.001,-122.999,0.047
12:09:10.174889,10502,0.640,-0.183,0.713,-0.220,-100.751,38.919,-124.543,0.040
12:09:10.241788,10526,0.615,-0.151,0.719,-0.285,-97.077,58.822,-125.483,0.035
12:09:10.310641,10550,0.602,-0.132,0.726,-0.306,-94.318,67.303,-124.275,0.053
12:09:10.371939,10566,0.614,-0.124,0.717,-0.307,-94.540,67.651,-128.678,0.053
12:09:10.438160,10590,0.643,-0.139,0.690,-0.304,-96.476,61.304,-138.273,0.034
12:09:10.503853,10614,0.667,-0.158,0.680,-0.261,-99.373,47.780,-140.143,0.053
12:09:10.577939,10630,0.680,-0.177,0.671,-0.238,-100.340,38.437,-141.259,0.087
12:09:10.643972,10654,0.702,-0.193,0.640,-0.248,-99.702,34.104,-151.191,0.044
12:09:10.721047,10678,0.719,-0.165,0.612,-0.285,-96.365,43.252,-164.097,0.048
12:09:10.832710,10718,0.718,-0.130,0.609,-0.311,-93.171,53.595,-167.396,0.035
12:09:10.897677,10734,0.721,-0.143,0.613,-0.291,-94.668,48.611,-164.652,0.075
12:09:10.966580,10758,0.695,-0.174,0.652,-0.247,-99.606,38.980,-148.448,0.041
12:09:11.031827,10782,0.667,-0.222,0.684,-0.195,-101.838,23.835,-131.761,0.045
12:09:11.096477,10798,0.656,-0.251,0.694,-0.158,-101.340,12.846,-123.859,0.025
12:09:11.170467,10822,0.609,-0.271,0.736,-0.115,-97.953,5.630,-103.635,0.041
12:09:11.237369,10846,0.570,-0.284,0.765,-0.092,-93.761,2.338,-89.061,0.051
12:09:11.304111,10862,0.558,-0.284,0.775,-0.086,-92.286,1.982,-84.955,0.058
12:09:11.369405,10886,0.581,-0.278,0.759,-0.099,-95.254,4.076,-93.019,0.038
12:09:11.439033,10910,0.613,-0.248,0.737,-0.138,-99.396,14.057,-106.686,0.037
12:09:11.502081,10926,0.635,-0.227,0.720,-0.166,-101.022,21.231,-116.737,0.051
12:09:11.567236,10950,0.664,-0.197,0.692,-0.203,-101.490,30.658,-131.256,0.039
12:09:11.641912,10974,0.702,-0.159,0.657,-0.225,-99.918,38.072,-148.372,0.045
12:09:11.706483,10998,0.719,-0.134,0.636,-0.244,-97.436,44.545,-157.228,0.052
12:09:11.774478,11014,0.726,-0.119,0.632,-0.245,-96.296,46.717,-159.510,0.057
12:09:11.839312,11038,0.721,-0.133,0.635,-0.243,-97.391,44.733,-157.718,0.056
12:09:11.905375,11062,0.701,-0.162,0.660,-0.214,-100.522,36.168,-147.065,0.029
12:09:11.978816,11078,0.682,-0.193,0.680,-0.187,-101.651,27.079,-136.125,0.024
12:09:12.044847,11102,0.643,-0.228,0.718,-0.138,-100.774,14.822,-117.022,0.067
12:09:12.112311,11126,0.595,-0.258,0.754,-0.105,-96.972,7.438,-98.033,0.045
12:09:12.176054,11150,0.547,-0.284,0.783,-0.084,-91.205,2.925,-81.469,0.047
12:09:12.250599,11166,0.518,-0.295,0.799,-0.075,-87.212,2.002,-72.426,0.049
12:09:12.316722,11190,0.506,-0.298,0.806,-0.074,-85.424,2.253,-68.730,0.052
12:09:12.382096,11214,0.535,-0.286,0.791,-0.084,-89.868,3.785,-77.738,0.048
12:09:12.449382,11230,0.566,-0.273,0.771,-0.103,-94.282,7.048,-88.596,0.046
12:09:12.516516,11254,0.617,-0.245,0.736,-0.129,-99.385,12.206,-107.477,0.054
12:09:12.588180,11278,0.664,-0.219,0.700,-0.146,-101.346,16.263,-125.130,0.021
12:09:12.655485,11302,0.708,-0.183,0.663,-0.162,-100.889,22.085,-142.872,0.037
12:09:12.721534,11318,0.728,-0.173,0.635,-0.192,-99.825,27.206,-154.966,0.038
12:09:12.788374,11342,0.764,-0.132,0.598,-0.204,-95.580,34.138,-170.600,0.034
12:09:12.854812,11366,0.794,-0.114,0.559,-0.210,-90.253,35.589,-182.913,0.046
12:09:12.921804,11382,0.796,-0.106,0.559,-0.205,-90.743,36.925,-184.820,0.041
12:09:12.986047,11406,0.777,-0.123,0.584,-0.201,-93.762,34.651,-175.339,0.037
12:09:13.059418,11430,0.725,-0.144,0.644,-0.194,-99.412,34.015,-153.423,0.072
12:09:13.125688,11446,0.694,-0.163,0.678,-0.181,-101.243,31.457,-139.835,0.039
12:09:13.192294,11470,0.640,-0.189,0.726,-0.168,-101.111,28.860,-118.423,0.026
12:09:13.259418,11494,0.574,-0.208,0.777,-0.152,-96.886,28.131,-94.555,0.053
12:09:13.323324,11510,0.529,-0.222,0.807,-0.142,-92.070,27.589,-79.708,0.053
12:09:13.388381,11534,0.476,-0.230,0.838,-0.133,-84.646,28.849,-63.997,0.053
12:09:13.455692,11558,0.486,-0.226,0.834,-0.134,-86.171,28.921,-66.886,0.061
12:09:13.528160,11574,0.527,-0.217,0.810,-0.141,-91.754,28.430,-79.061,0.058
12:09:13.594956,11598,0.588,-0.202,0.767,-0.158,-98.348,29.014,-100.043,0.050
12:09:13.662267,11622,0.651,-0.198,0.713,-0.172,-101.511,26.517,-122.990,0.040
12:09:13.727214,11646,0.715,-0.192,0.649,-0.177,-100.707,22.192,-147.538,0.045
12:09:13.794804,11662,0.740,-0.174,0.623,-0.184,-98.976,24.234,-158.685,0.066
12:09:13.865803,11686,0.767,-0.159,0.586,-0.206,-95.095,27.807,-171.762,0.038
12:09:13.933654,11710,0.795,-0.150,0.546,-0.216,-90.730,27.606,-185.685,0.011
12:09:13.998376,11726,0.792,-0.148,0.549,-0.220,-90.783,29.041,-184.478,0.052
12:09:14.065151,11750,0.783,-0.147,0.568,-0.207,-92.950,28.420,-178.765,0.088
12:09:14.132042,11774,0.731,-0.163,0.630,-0.208,-99.088,31.312,-157.681,0.062
12:09:14.204666,11790,0.696,-0.184,0.662,-0.210,-100.821,31.056,-143.918,0.040
12:09:14.270303,11814,0.651,-0.203,0.706,-0.191,-101.463,28.994,-124.952,0.044
12:09:14.336811,11838,0.595,-0.215,0.753,-0.181,-99.210,30.230,-104.686,0.052
12:09:14.403765,11862,0.535,-0.232,0.794,-0.173,-93.759,31.641,-84.861,0.054
12:09:14.472326,11878,0.496,-0.236,0.819,-0.168,-88.871,33.766,-72.955,0.047
12:09:14.537228,11902,0.476,-0.233,0.833,-0.158,-85.698,33.927,-66.571,0.055
12:09:14.605222,11926,0.496,-0.222,0.825,-0.157,-88.269,33.616,-71.693,0.059
12:09:14.669209,11942,0.531,-0.212,0.805,-0.158,-92.563,32.415,-81.783,0.048
12:09:14.732686,11966,0.603,-0.190,0.758,-0.162,-99.196,30.643,-105.071,0.051
12:09:14.806215,11990,0.698,-0.164,0.680,-0.155,-101.510,26.177,-138.540,0.043
12:09:14.874533,12006,0.736,-0.152,0.641,-0.160,-99.728,26.238,-153.757,0.022
12:09:14.938099,12030,0.774,-0.116,0.605,-0.146,-96.128,28.028,-168.400,0.082
12:09:15.005246,12054,0.799,-0.108,0.570,-0.155,-92.249,28.815,-179.536,0.039
12:09:15.073481,12070,0.809,-0.101,0.559,-0.154,-90.893,30.125,-183.796,0.057
12:09:15.137471,12094,0.808,-0.098,0.558,-0.162,-90.612,31.620,-184.413,0.057
12:09:15.202590,12118,0.788,-0.106,0.587,-0.151,-94.129,30.172,-174.389,0.044
12:09:15.277051,12142,0.734,-0.133,0.647,-0.160,-100.008,30.481,-153.685,0.064
12:09:15.343439,12158,0.701,-0.150,0.680,-0.157,-101.403,29.007,-139.977,0.035
12:09:15.411739,12182,0.640,-0.173,0.730,-0.164,-101.165,30.794,-118.374,0.049
12:09:15.476078,12206,0.574,-0.187,0.778,-0.173,-96.978,35.953,-96.858,0.057
12:09:15.542850,12222,0.531,-0.192,0.805,-0.182,-92.802,40.669,-84.465,0.046
12:09:15.609045,12246,0.484,-0.190,0.832,-0.193,-86.786,47.413,-72.426,0.055
12:09:15.675405,12270,0.492,-0.191,0.826,-0.199,-87.846,47.897,-75.174,0.051
12:09:15.748316,12286,0.514,-0.193,0.811,-0.201,-90.889,46.156,-81.713,0.053
12:09:15.814683,12310,0.586,-0.193,0.762,-0.195,-98.334,38.160,-103.461,0.039
12:09:15.881742,12334,0.654,-0.178,0.709,-0.195,-101.286,34.447,-126.749,0.050
12:09:15.948242,12350,0.704,-0.168,0.663,-0.191,-100.903,30.589,-144.852,0.046
12:09:16.016675,12374,0.771,-0.147,0.594,-0.174,-95.785,25.434,-170.088,0.074
12:09:16.081702,12398,0.809,-0.135,0.549,-0.165,-90.823,23.343,-185.937,0.086
12:09:16.146478,12414,0.805,-0.137,0.549,-0.179,-90.646,24.920,-185.168,0.055
12:09:16.217093,12438,0.783,-0.149,0.581,-0.165,-94.729,22.630,-174.280,0.089
12:09:16.278775,12462,0.745,-0.164,0.626,-0.158,-99.095,22.291,-158.025,0.041
12:09:16.345721,12478,0.715,-0.163,0.664,-0.150,-100.957,23.577,-144.813,0.059
12:09:16.418423,12502,0.663,-0.187,0.708,-0.155,-101.864,24.617,-125.893,0.036
12:09:16.484227,12526,0.598,-0.200,0.759,-0.160,-98.966,29.026,-103.445,0.037
12:09:16.551864,12550,0.540,-0.213,0.797,-0.165,-93.948,33.109,-85.429,0.049
12:09:16.616066,12566,0.495,-0.217,0.823,-0.174,-88.561,38.219,-73.351,0.054
12:09:16.683061,12590,0.471,-0.220,0.834,-0.183,-85.310,41.766,-67.653,0.049
12:09:16.754612,12614,0.502,-0.222,0.818,-0.173,-89.486,36.665,-75.070,0.058
12:09:16.835988,12638,0.540,-0.225,0.797,-0.154,-93.755,28.579,-84.276,0.056
12:09:16.901103,12662,0.575,-0.234,0.772,-0.137,-96.802,20.350,-93.792,0.042
12:09:16.967562,12678,0.591,-0.241,0.760,-0.124,-97.606,14.951,-97.949,0.037
12:09:17.040368,12702,0.607,-0.256,0.746,-0.095,-97.239,4.528,-101.329,0.049
12:09:17.108021,12726,0.626,-0.274,0.727,-0.067,-96.448,-6.197,-106.525,0.030
12:09:17.174387,12742,0.643,-0.278,0.712,-0.046,-95.810,-12.681,-111.634,0.049
12:09:17.241554,12766,0.663,-0.283,0.692,-0.028,-94.885,-18.714,-118.841,0.047
12:09:17.309139,12790,0.682,-0.288,0.672,-0.025,-94.243,-21.912,-125.678,0.027
12:09:17.373938,12814,0.696,-0.275,0.662,-0.033,-95.208,-19.059,-131.336,0.031
12:09:17.440830,12830,0.708,-0.259,0.655,-0.045,-96.254,-14.672,-136.214,0.045
12:09:17.505110,12854,0.730,-0.238,0.637,-0.067,-97.529,-7.959,-146.194,0.018
12:09:17.572679,12878,0.734,-0.211,0.639,-0.089,-98.976,1.221,-148.659,0.059
12:09:17.645769,12894,0.734,-0.199,0.642,-0.100,-99.590,5.723,-149.029,0.055
12:09:17.712358,12918,0.733,-0.179,0.646,-0.115,-100.143,12.950,-149.301,0.060
12:09:17.779175,12942,0.724,-0.154,0.659,-0.132,-100.658,21.563,-146.857,0.065
12:09:17.844254,12958,0.727,-0.115,0.671,-0.084,-101.052,18.437,-146.628,0.632
12:09:17.909566,12982,0.691,-0.143,0.688,-0.169,-101.120,33.473,-137.201,0.040
12:09:17.975938,13006,0.668,-0.147,0.706,-0.186,-101.024,37.942,-130.157,0.017
12:09:18.041922,13022,0.647,-0.150,0.725,-0.184,-100.705,38.745,-122.538,0.061
12:09:18.109370,13046,0.610,-0.167,0.753,-0.183,-99.279,38.507,-109.425,0.052
12:09:18.180739,13070,0.584,-0.184,0.770,-0.178,-97.630,36.789,-100.300,0.046
12:09:18.247469,13086,0.575,-0.194,0.776,-0.172,-97.248,34.493,-96.941,0.050
12:09:18.312896,13110,0.559,-0.213,0.785,-0.159,-95.684,29.998,-90.717,0.047
12:09:18.378324,13134,0.549,-0.227,0.791,-0.145,-94.351,25.433,-86.090,0.055
12:09:18.444350,13150,0.554,-0.235,0.787,-0.135,-94.625,21.638,-86.792,0.053
12:09:18.512467,13174,0.570,-0.241,0.775,-0.129,-96.019,17.748,-91.639,0.059
12:09:18.575724,13198,0.600,-0.237,0.754,-0.126,-98.369,15.112,-101.151,0.050
12:09:18.650509,13214,0.622,-0.228,0.739,-0.124,-99.677,14.325,-108.644,0.062
12:09:18.719181,13238,0.636,-0.217,0.728,-0.137,-100.684,17.614,-114.522,0.045
12:09:18.783760,13262,0.643,-0.200,0.725,-0.143,-101.090,21.453,-117.469,0.058
12:09:18.848559,13286,0.648,-0.191,0.721,-0.155,-101.266,25.033,-120.109,0.034
12:09:18.919347,13302,0.645,-0.184,0.723,-0.166,-101.037,28.633,-119.965,0.044
12:09:18.980524,13326,0.634,-0.173,0.733,-0.176,-100.784,33.802,-117.371,0.050
12:09:19.056783,13350,0.603,-0.174,0.756,-0.184,-98.974,37.827,-107.322,0.050
12:09:19.122075,13366,0.585,-0.178,0.771,-0.178,-97.823,37.480,-100.851,0.054
12:09:19.189564,13390,0.568,-0.187,0.784,-0.168,-96.296,35.579,-94.127,0.049
12:09:19.253349,13414,0.558,-0.199,0.790,-0.156,-95.369,31.815,-89.956,0.051
12:09:19.323520,13430,0.555,-0.208,0.792,-0.146,-94.949,28.467,-88.141,0.053
12:09:19.386522,13454,0.556,-0.225,0.789,-0.132,-94.766,22.611,-87.236,0.051
12:09:19.456954,13478,0.567,-0.241,0.780,-0.112,-95.309,14.761,-89.341,0.038
12:09:19.519501,13494,0.574,-0.250,0.773,-0.098,-95.196,9.445,-90.743,0.039
12:09:19.585996,13518,0.595,-0.257,0.756,-0.085,-96.168,3.432,-96.882,0.052
12:09:19.652466,13542,0.631,-0.250,0.729,-0.088,-98.486,2.333,-109.292,0.037
12:09:19.721284,13566,0.670,-0.233,0.697,-0.103,-100.458,4.911,-124.664,0.030
12:09:19.792254,13582,0.690,-0.215,0.681,-0.114,-101.013,8.655,-132.829,0.057
12:09:19.860284,13606,0.706,-0.198,0.666,-0.136,-101.291,15.014,-140.601,0.036
12:09:19.923426,13630,0.716,-0.174,0.660,-0.150,-100.935,21.440,-145.152,0.054
12:09:19.991328,13646,0.711,-0.168,0.661,-0.171,-100.701,26.730,-145.153,0.024
12:09:20.058158,13670,0.689,-0.148,0.682,-0.198,-100.844,37.537,-139.785,0.054
12:09:20.123012,13694,0.668,-0.142,0.695,-0.226,-99.794,45.634,-135.136,0.033
12:09:20.188512,13710,0.643,-0.140,0.714,-0.237,-99.154,50.236,-127.904,0.044
12:09:20.256033,13734,0.611,-0.148,0.741,-0.236,-98.131,51.934,-116.630,0.041
12:09:20.326840,13758,0.564,-0.167,0.774,-0.236,-95.467,52.674,-101.221,0.044
12:09:20.393720,13774,0.543,-0.179,0.786,-0.235,-93.750,52.498,-94.458,0.052
12:09:20.460049,13798,0.511,-0.194,0.804,-0.233,-90.837,52.696,-84.975,0.041
12:09:20.528111,13822,0.486,-0.209,0.819,-0.221,-87.911,50.298,-76.350,0.048
12:09:20.594630,13838,0.478,-0.219,0.825,-0.206,-86.877,46.297,-72.355,0.054
12:09:20.661748,13862,0.480,-0.240,0.825,-0.178,-86.953,36.917,-69.613,0.047
12:09:20.725708,13886,0.495,-0.264,0.814,-0.149,-88.275,25.458,-70.914,0.044
12:09:20.796554,13902,0.511,-0.279,0.803,-0.129,-89.457,17.108,-73.793,0.048
12:09:20.863930,13926,0.547,-0.291,0.779,-0.100,-91.780,5.161,-82.228,0.044
12:09:20.927769,13950,0.610,-0.299,0.730,-0.077,-95.417,-7.107,-101.777,0.047
12:09:20.994655,13966,0.655,-0.290,0.695,-0.066,-96.694,-12.306,-117.259,0.037
12:09:21.065377,13990,0.706,-0.275,0.650,-0.062,-96.411,-14.698,-136.102,0.036
12:09:21.126283,14014,0.734,-0.251,0.625,-0.091,-97.363,-7.122,-148.818,0.039
12:09:21.202030,14038,0.754,-0.212,0.609,-0.125,-97.415,5.051,-158.744,0.052
12:09:21.268926,14054,0.753,-0.193,0.610,-0.154,-98.238,13.914,-161.550,0.046
12:09:21.335100,14078,0.741,-0.175,0.615,-0.206,-98.198,27.173,-160.952,0.035
12:09:21.402741,14102,0.713,-0.156,0.635,-0.254,-97.862,42.047,-156.201,0.057
12:09:21.467555,14118,0.684,-0.144,0.657,-0.284,-97.348,52.169,-149.919,0.048
12:09:21.538909,14142,0.643,-0.138,0.687,-0.310,-96.094,61.816,-139.310,0.057
12:09:21.606414,14166,0.606,-0.149,0.711,-0.323,-94.966,66.120,-128.973,0.061
12:09:21.672512,14190,0.569,-0.158,0.740,-0.322,-93.376,68.758,-116.678,0.062
12:09:21.738744,14206,0.552,-0.172,0.752,-0.317,-93.184,67.516,-110.721,0.038
12:09:21.801626,14230,0.539,-0.189,0.764,-0.301,-93.356,63.307,-103.938,0.040
12:09:21.871498,14254,0.554,-0.202,0.756,-0.284,-95.492,56.018,-105.665,0.038
12:09:21.939048,14270,0.587,-0.208,0.734,-0.270,-98.439,48.720,-114.097,0.049
12:09:22.008134,14294,0.621,-0.211,0.709,-0.258,-100.324,41.919,-123.707,0.068
12:09:22.075368,14318,0.644,-0.221,0.690,-0.247,-101.242,35.549,-129.861,0.029
12:09:22.141810,14334,0.650,-0.220,0.687,-0.238,-101.329,33.344,-130.893,0.042
12:09:22.209507,14358,0.671,-0.217,0.671,-0.229,-101.790,29.846,-137.773,0.052
12:09:22.272819,14382,0.687,-0.209,0.660,-0.224,-101.375,28.757,-142.662,0.061
12:09:22.339990,14398,0.690,-0.216,0.654,-0.223,-101.142,26.918,-143.856,0.040
12:09:22.406011,14422,0.691,-0.216,0.657,-0.211,-101.033,24.463,-142.168,0.038
12:09:22.477307,14446,0.691,-0.217,0.655,-0.217,-101.168,25.335,-142.950,0.036
12:09:22.543258,14462,0.693,-0.221,0.652,-0.213,-101.103,23.819,-143.520,0.035
12:09:22.610300,14486,0.696,-0.224,0.650,-0.208,-101.018,22.061,-143.778,0.039
12:09:22.675354,14510,0.699,-0.228,0.646,-0.206,-100.896,20.294,-144.691,0.046
12:09:22.744956,14526,0.700,-0.232,0.644,-0.205,-100.870,19.295,-144.977,0.047
12:09:22.839257,14558,0.699,-0.239,0.643,-0.203,-100.914,17.452,-144.870,0.052
12:09:22.905501,14582,0.698,-0.242,0.643,-0.202,-100.988,16.735,-144.405,0.054
12:09:22.973147,14606,0.685,-0.250,0.652,-0.209,-101.332,17.853,-140.337,0.036
12:09:23.037512,14622,0.678,-0.250,0.658,-0.213,-101.418,19.191,-137.916,0.046
12:09:23.105487,14646,0.682,-0.249,0.655,-0.212,-101.474,18.811,-139.363,0.031
12:09:23.172372,14670,0.682,-0.249,0.655,-0.210,-101.448,18.590,-139.462,0.041
12:09:23.241765,14686,0.680,-0.249,0.657,-0.211,-101.508,19.018,-138.747,0.042
12:09:23.301218,14710,0.662,-0.249,0.671,-0.222,-101.681,22.852,-133.361,0.034
12:09:23.375866,14734,0.654,-0.251,0.675,-0.231,-101.783,25.131,-131.908,0.056
12:09:23.442588,14750,0.631,-0.244,0.694,-0.247,-101.234,31.525,-125.478,0.065
12:09:23.507817,14774,0.630,-0.252,0.692,-0.245,-101.565,30.228,-125.354,0.045
12:09:23.572709,14798,0.619,-0.247,0.704,-0.247,-101.081,32.830,-121.408,0.043
12:09:23.644057,14814,0.635,-0.252,0.688,-0.244,-101.779,29.514,-127.083,0.024
12:09:23.709252,14838,0.660,-0.247,0.675,-0.218,-101.578,22.720,-131.919,0.058
12:09:23.772201,14862,0.681,-0.251,0.659,-0.196,-101.569,16.249,-137.654,0.050
12:09:23.844376,14878,0.669,-0.245,0.673,-0.197,-101.457,18.683,-132.646,0.058
12:09:23.911561,14902,0.631,-0.247,0.700,-0.225,-101.472,27.507,-122.674,0.061
12:09:23.976983,14926,0.609,-0.247,0.716,-0.237,-100.786,32.583,-116.674,0.054
12:09:24.045011,14942,0.595,-0.246,0.728,-0.237,-99.949,34.626,-111.856,0.052
12:09:24.113065,14966,0.627,-0.252,0.701,-0.227,-101.469,27.862,-121.731,0.025
12:09:24.176683,14990,0.676,-0.251,0.662,-0.204,-101.621,18.244,-136.361,0.020
12:09:24.244784,15014,0.680,-0.246,0.664,-0.191,-101.583,16.412,-136.435,0.050
12:09:24.309606,15030,0.670,-0.252,0.672,-0.190,-101.681,16.132,-132.881,0.041
12:09:24.376199,15054,0.651,-0.256,0.684,-0.207,-101.591,20.496,-127.467,0.027
12:09:24.445526,15078,0.607,-0.257,0.714,-0.237,-100.958,30.737,-116.287,0.053
12:09:24.517536,15094,0.596,-0.259,0.718,-0.248,-100.231,33.747,-113.985,0.039
12:09:24.581791,15118,0.619,-0.258,0.704,-0.234,-101.212,28.733,-119.902,0.030
12:09:24.649389,15142,0.647,-0.252,0.686,-0.217,-101.699,23.243,-127.488,0.049
12:09:24.716204,15158,0.658,-0.252,0.675,-0.218,-101.718,22.186,-131.575,0.036
12:09:24.782148,15182,0.690,-0.249,0.647,-0.210,-101.355,17.888,-142.550,0.060
12:09:24.850416,15206,0.691,-0.250,0.647,-0.205,-101.252,16.207,-142.174,0.037
12:09:24.920519,15222,0.681,-0.256,0.656,-0.203,-101.246,15.977,-137.703,0.024
12:09:24.985860,15246,0.652,-0.259,0.678,-0.216,-101.595,21.109,-129.102,0.050
12:09:25.051347,15270,0.624,-0.258,0.696,-0.243,-101.335,29.384,-122.865,0.038
12:09:25.119189,15294,0.600,-0.256,0.711,-0.262,-100.508,35.944,-117.293,0.045
12:09:25.183011,15310,0.608,-0.260,0.703,-0.261,-100.743,34.192,-119.763,0.042
12:09:25.250538,15334,0.634,-0.258,0.686,-0.248,-101.538,28.986,-126.872,0.042
12:09:25.315612,15358,0.645,-0.252,0.681,-0.237,-101.724,26.649,-129.261,0.036
12:09:25.387149,15374,0.647,-0.256,0.677,-0.239,-101.519,26.085,-130.079,0.042
12:09:25.454960,15398,0.651,-0.255,0.674,-0.237,-101.677,25.415,-131.505,0.047
12:09:25.518211,15422,0.647,-0.256,0.677,-0.238,-101.582,26.029,-130.214,0.034
12:09:25.587096,15438,0.648,-0.256,0.677,-0.239,-101.618,26.065,-130.532,0.039
12:09:25.651155,15462,0.646,-0.256,0.677,-0.241,-101.655,26.626,-130.370,0.045
12:09:25.724717,15486,0.630,-0.260,0.688,-0.251,-101.538,29.677,-125.918,0.030
12:09:25.791991,15502,0.625,-0.258,0.693,-0.251,-101.394,30.755,-124.343,0.039
12:09:25.855857,15526,0.639,-0.257,0.681,-0.248,-101.479,28.376,-128.530,0.065
12:09:25.923549,15550,0.644,-0.260,0.675,-0.247,-101.744,27.011,-130.580,0.027
12:09:25.987868,15566,0.646,-0.260,0.675,-0.244,-101.571,26.464,-130.358,0.039
12:09:26.061487,15590,0.643,-0.256,0.678,-0.245,-101.586,27.446,-129.688,0.041
12:09:26.129064,15614,0.646,-0.257,0.676,-0.244,-101.653,26.721,-130.555,0.038
12:09:26.196032,15638,0.646,-0.258,0.676,-0.243,-101.734,26.549,-130.634,0.036
12:09:26.263089,15654,0.646,-0.258,0.676,-0.243,-101.734,26.560,-130.436,0.037
12:09:26.326067,15678,0.645,-0.259,0.677,-0.243,-101.695,26.532,-130.097,0.038
12:09:26.399897,15702,0.644,-0.259,0.678,-0.242,-101.764,26.547,-129.762,0.041
12:09:26.467797,15718,0.643,-0.259,0.679,-0.242,-101.767,26.717,-129.313,0.044
12:09:26.533700,15742,0.642,-0.259,0.680,-0.243,-101.771,26.999,-129.039,0.042
12:09:26.598537,15766,0.641,-0.258,0.680,-0.244,-101.758,27.375,-128.981,0.045
12:09:26.666654,15790,0.641,-0.257,0.680,-0.245,-101.661,27.610,-128.995,0.044
12:09:26.730283,15806,0.642,-0.258,0.680,-0.245,-101.658,27.512,-129.205,0.045
12:09:26.796127,15830,0.642,-0.258,0.679,-0.244,-101.617,27.335,-129.122,0.044
12:09:26.869748,15854,0.642,-0.258,0.680,-0.244,-101.647,27.196,-129.049,0.040
12:09:26.934867,15870,0.642,-0.259,0.679,-0.244,-101.625,27.047,-129.104,0.040
12:09:27.002648,15894,0.642,-0.259,0.679,-0.243,-101.612,26.831,-129.016,0.040
12:09:27.068535,15918,0.642,-0.259,0.680,-0.242,-101.648,26.637,-128.898,0.038
12:09:27.133965,15934,0.641,-0.260,0.680,-0.242,-101.687,26.656,-128.670,0.037
12:09:27.200519,15958,0.620,-0.263,0.694,-0.253,-101.405,30.613,-122.938,0.043
12:09:27.272001,15982,0.608,-0.267,0.698,-0.267,-100.886,33.544,-120.672,0.040
12:09:27.338618,15998,0.615,-0.268,0.691,-0.268,-101.156,32.683,-123.311,0.051
12:09:27.403328,16022,0.614,-0.267,0.693,-0.267,-100.979,32.805,-122.613,0.050
12:09:27.469364,16046,0.613,-0.269,0.694,-0.263,-101.121,32.002,-122.037,0.032
12:09:27.538669,16062,0.614,-0.268,0.693,-0.265,-101.095,32.326,-122.560,0.040
12:09:27.601093,16086,0.620,-0.269,0.693,-0.250,-101.370,28.771,-122.382,0.034
12:09:27.668325,16110,0.639,-0.263,0.684,-0.232,-101.538,24.420,-126.420,0.044
12:09:27.738832,16126,0.655,-0.260,0.674,-0.223,-101.724,21.654,-130.980,0.053
12:09:27.805577,16150,0.657,-0.260,0.670,-0.226,-101.817,21.966,-132.244,0.073
12:09:27.871216,16174,0.620,-0.264,0.696,-0.248,-101.445,29.497,-122.192,0.050
12:09:27.934554,16190,0.609,-0.267,0.701,-0.258,-101.118,32.124,-119.717,0.050
12:09:28.000270,16214,0.596,-0.267,0.710,-0.265,-100.694,34.963,-116.619,0.043
12:09:28.072740,16238,0.609,-0.269,0.699,-0.261,-101.177,32.128,-120.479,0.046
12:09:28.141386,16254,0.611,-0.266,0.699,-0.259,-101.059,32.171,-120.698,0.053
12:09:28.207267,16278,0.615,-0.269,0.696,-0.255,-101.250,30.562,-121.536,0.042
12:09:28.272782,16302,0.613,-0.267,0.698,-0.257,-101.093,31.343,-120.729,0.051
12:09:28.337782,16318,0.629,-0.263,0.689,-0.246,-101.691,28.212,-125.138,0.043
12:09:28.406155,16342,0.645,-0.265,0.678,-0.234,-101.737,23.753,-128.771,0.035
12:09:28.472255,16366,0.668,-0.263,0.661,-0.218,-101.755,18.381,-135.330,0.049
12:09:28.543405,16382,0.666,-0.257,0.665,-0.220,-101.542,20.058,-134.387,0.063
12:09:28.620348,16414,0.665,-0.260,0.664,-0.223,-101.737,20.379,-134.615,0.053
12:09:28.756690,16454,0.652,-0.264,0.675,-0.224,-101.788,21.426,-130.080,0.043
12:09:28.830510,16478,0.642,-0.267,0.680,-0.233,-101.674,23.623,-127.441,0.045
12:09:28.895535,16502,0.608,-0.267,0.702,-0.256,-101.161,31.606,-119.462,0.038
12:09:28.964823,16518,0.603,-0.271,0.702,-0.264,-100.851,33.160,-118.877,0.039
12:09:29.027307,16542,0.613,-0.267,0.697,-0.260,-101.211,32.015,-121.519,0.032
12:09:29.095009,16566,0.656,-0.261,0.670,-0.230,-102.003,22.653,-132.666,0.035
12:09:29.160974,16582,0.677,-0.255,0.656,-0.214,-101.454,18.363,-137.997,0.062
12:09:29.233890,16606,0.685,-0.257,0.646,-0.218,-101.065,17.473,-141.044,0.068
12:09:29.301500,16630,0.670,-0.263,0.649,-0.246,-101.534,22.517,-139.848,0.042
12:09:29.366710,16654,0.635,-0.262,0.670,-0.280,-101.109,32.535,-132.005,0.041
12:09:29.432767,16670,0.623,-0.265,0.674,-0.296,-101.070,36.137,-130.679,0.049
12:09:29.499854,16694,0.591,-0.274,0.688,-0.319,-100.397,42.502,-124.387,0.053
12:09:29.574231,16718,0.573,-0.281,0.699,-0.322,-99.678,44.237,-119.007,0.041
12:09:29.638867,16742,0.580,-0.281,0.693,-0.322,-99.998,42.783,-121.233,0.050
12:09:29.706884,16758,0.589,-0.284,0.683,-0.325,-100.503,41.209,-124.956,0.050
12:09:29.772277,16782,0.617,-0.289,0.652,-0.333,-100.999,36.839,-135.775,0.046
12:09:29.844295,16806,0.639,-0.278,0.638,-0.327,-100.701,34.568,-142.127,0.023
12:09:29.910556,16822,0.659,-0.273,0.625,-0.317,-100.525,31.435,-147.740,0.048
12:09:29.975672,16846,0.667,-0.274,0.617,-0.315,-100.363,29.487,-150.089,0.051
12:09:30.042168,16870,0.675,-0.269,0.615,-0.304,-100.109,27.668,-151.117,0.067
12:09:30.108025,16886,0.668,-0.272,0.619,-0.312,-100.189,29.148,-149.538,0.049
12:09:30.174623,16910,0.662,-0.279,0.630,-0.294,-100.977,26.528,-144.688,0.054
12:09:30.240461,16934,0.646,-0.287,0.647,-0.285,-101.747,26.280,-137.508,0.049
12:09:30.313429,16950,0.621,-0.291,0.671,-0.281,-101.716,28.525,-127.971,0.041
12:09:30.380885,16974,0.593,-0.296,0.699,-0.268,-100.998,29.581,-116.323,0.053
12:09:30.446702,16998,0.595,-0.301,0.700,-0.257,-100.855,26.904,-115.208,0.051
12:09:30.511528,17014,0.587,-0.303,0.707,-0.253,-100.458,26.822,-111.989,0.034
12:09:30.576990,17038,0.608,-0.301,0.695,-0.239,-101.045,21.838,-116.972,0.043
12:09:30.649938,17062,0.628,-0.298,0.679,-0.237,-101.419,19.514,-123.522,0.048
12:09:30.716069,17086,0.649,-0.287,0.663,-0.236,-101.816,18.603,-131.224,0.053
12:09:30.781785,17102,0.658,-0.285,0.654,-0.241,-101.595,18.573,-134.600,0.049
12:09:30.848226,17126,0.662,-0.282,0.651,-0.241,-101.626,18.365,-136.383,0.052
12:09:30.914901,17150,0.658,-0.281,0.654,-0.246,-101.526,19.892,-135.250,0.048
12:09:30.982026,17166,0.658,-0.281,0.655,-0.243,-101.624,19.590,-135.069,0.043
12:09:31.055370,17190,0.637,-0.281,0.667,-0.264,-101.709,25.715,-130.743,0.049
12:09:31.120509,17214,0.627,-0.287,0.674,-0.264,-101.724,26.131,-127.471,0.046
12:09:31.186336,17238,0.631,-0.287,0.672,-0.261,-101.650,25.164,-127.950,0.052
12:09:31.257339,17254,0.629,-0.286,0.673,-0.263,-101.816,25.851,-127.989,0.047
12:09:31.321148,17278,0.630,-0.286,0.673,-0.263,-101.732,25.661,-128.039,0.048
