Rotation X,Rotation Y,Rotation Z,Position X,Position Y,Position Z
0,0,0,0,0,0
0.069085791,0.05501988,-0.067532911,-0.004579578,-0.007917236,-0.144540959
0.031416119,0.015006956,-0.043182379,0.002002346,-0.046311671,-0.152940757
0.010121229,-0.002957316,0.024605975,0.005605824,-0.066180613,-0.166535675
-0.019892949,-0.049873532,0.039212124,0.023107789,-0.054156298,-0.184515145
-0.031862557,-0.083592739,0.050081656,0.031715588,-0.043607839,-0.188048954
-0.026726239,-0.062392748,0.064351037,0.054540621,-0.035329403,-0.17970808
-0.037808179,-0.054596434,0.058756203,0.08157295,-0.022177583,-0.191851814
-0.035846766,-0.021413461,0.077045274,0.075440431,-0.035788293,-0.154211873
-0.032955082,-0.028256267,0.036828225,0.10264689,-0.020045924,-0.1593164
-0.024141845,-0.0191863,0.026490434,0.114954568,-0.016921603,-0.138933559
-0.007536481,-0.006411587,0.018854736,0.123427507,-0.022759438,-0.119595897
-0.007294459,-0.011807068,-0.021619636,0.156668938,-0.013398497,-0.118428195
-0.012970561,0.015719188,0.001920029,0.128515268,-0.037108377,-0.095349286
-0.04184884,-0.018209085,-0.031007672,0.118251287,-0.046110093,-0.104431811
-0.023343133,-0.009334545,-0.011721527,0.089769541,-0.06749097,-0.105562914
-0.015437832,-0.045991742,-0.00774089,0.052308216,-0.063001058,-0.130767259
-0.016284517,-0.034120225,-0.003516998,0.012537467,-0.050010647,-0.124704644
0.013503966,-0.029954691,0.000277033,-0.063678848,-0.053128499,-0.106819129
0.0427487,-0.006358881,-0.016453511,-0.107008817,-0.048911543,-0.100491082
0.085677139,-0.012615126,-0.052061852,-0.173766504,-0.03920832,-0.098158531
0.118564319,0.012847942,0.011394319,-0.21821399,-0.042887255,-0.080855614
0.112118146,-0.010130764,0.025967871,-0.251461898,-0.036511538,-0.094314877
0.119563946,0.007828319,0.068482825,-0.298546918,-0.051933306,-0.052235835
0.133140982,0.007472328,0.099600097,-0.330790013,-0.044732267,-0.051933018
0.139938735,-0.033204165,0.049773094,-0.294156881,-0.014531217,-0.085978239
0.111794039,-0.020797481,0.058936483,-0.318861001,-0.038206435,-0.034165739
0.102004531,-0.019642113,0.022338312,-0.29348951,-0.022897483,-0.042257369
0.122474702,0.010012074,0.013382001,-0.281231175,-0.010159475,-0.038406702
0.104959209,0.021224071,-0.020136968,-0.250242971,0.019733677,-0.034297033
0.110745001,0.060694646,0.001585548,-0.22336199,0.043637727,-0.024404154
0.078272643,0.068120456,0.019632593,-0.182724575,0.07735213,-0.016940554
0.064520779,0.045941348,0.026394336,-0.161947376,0.092046426,-0.019822793
0.038850648,0.066193927,0.078082619,-0.160339065,0.100152644,-0.00371325
0.025911192,0.039303882,0.081593207,-0.106756085,0.110512486,-0.016835585
0.000881292,0.062882757,0.113934609,-0.070179654,0.098834094,0.001976582
-0.037790846,0.019310356,0.079483231,-0.028584157,0.08939604,-0.01217893
-0.057103081,-0.001091735,0.055225089,-0.000804934,0.065210929,-0.004771472
-0.054314256,-0.01611338,0.029541614,0.027054384,0.049797282,-0.014954883
-0.043014118,-0.036247651,0.00903146,0.034476748,0.039693782,-0.02994413
-0.021489083,-0.019736491,0.015663862,0.02573212,0.02161988,-0.035806691
-0.030131852,-0.015324578,0.026544586,0.015711076,0.030462491,-0.050988109
-0.035648849,-0.008493077,0.042255499,-0.005754164,0.047176513,-0.061673132
-0.023911334,-0.026930165,0.027451638,-0.014437555,0.090284556,-0.095458704
-0.016803688,0.029782843,0.065532299,-0.052916365,0.10980842,-0.07370339
-0.00184356,0.064118375,0.056698458,-0.06760377,0.137715185,-0.062999229
0.030277824,0.068515377,0.024440461,-0.079616828,0.155922833,-0.070642891
0.064936627,0.154721237,0.042412592,-0.095990918,0.153376337,-0.061243644
0.049889551,0.084056726,-0.029511626,-0.07619406,0.146160479,-0.103144802
0.065178675,0.102226941,-0.021704976,-0.075069697,0.137565909,-0.129289571
0.035398436,0.097050982,-0.022411206,-0.061445458,0.131046063,-0.153551394
0.026341767,0.117516229,-0.010682129,-0.044474488,0.141226006,-0.187172957
-0.018936265,0.07600877,-0.049307163,-0.025478326,0.147991241,-0.23985183
-0.02717586,0.106887389,-0.032839118,-0.025842398,0.128562734,-0.244977239
-0.060488209,0.059926988,-0.062652833,-0.028693443,0.1136128,-0.27231878
-0.047476946,0.103051778,-0.016560873,-0.031709379,0.093172385,-0.274359309
-0.031820278,0.053711694,-0.031459312,-0.044741983,0.07702248,-0.291666705
-0.045651431,0.025606993,-0.013892735,-0.048441567,0.048734896,-0.309810686
-0.035528526,0.013647218,0.012379006,-0.052519172,0.021393566,-0.294092377
-0.058442319,-0.056382005,0.032763587,-0.075787254,-0.008407328,-0.303250368
-0.023884787,-0.086877712,0.041580554,-0.101177698,-0.04484434,-0.290940316
-0.000592676,-0.102008384,0.029804741,-0.094851455,-0.060261422,-0.284324724
0.019127858,-0.07548294,0.028696567,-0.093808874,-0.063703863,-0.269266941
0.032906675,-0.07934005,-0.014909156,-0.067833069,-0.040606338,-0.267017222
0.021684034,-0.052550806,-0.032943448,-0.039865633,-0.024138634,-0.250646959
0.020387688,-0.044595895,-0.059572018,0.023628311,0.020226859,-0.275790377
-0.00440474,0.010310249,-0.042414383,0.055302494,0.042867216,-0.255086756
-0.025586773,0.027042633,-0.055501151,0.0914788,0.080370708,-0.251548757
-0.016609337,0.06655214,-0.04793939,0.1292896,0.126275447,-0.242915467
-0.039916309,0.072197115,-0.046857531,0.187365074,0.175383901,-0.260155272
-0.088107891,0.038710101,-0.050070174,0.209660189,0.196500992,-0.260330016
-0.068924561,0.042987931,-0.023657458,0.216163817,0.194615543,-0.24112935
-0.09492519,0.033150901,-0.024082342,0.239108565,0.217033941,-0.244367203
-0.089456408,0.047723217,-0.036896367,0.235308008,0.235088205,-0.238042401
-0.078726155,0.045470162,-0.054917769,0.226773254,0.257630438,-0.245262339
-0.027627179,0.058526808,-0.054530913,0.196465051,0.259556829,-0.213064016
-0.044590298,0.066407574,-0.013025984,0.167816001,0.27558124,-0.205517314
-0.048081364,0.041621633,0.007950286,0.125442815,0.278728251,-0.187919292
-0.016575407,-0.000872594,-0.001623691,0.084164544,0.296608665,-0.188744008
-0.002140545,0.021138597,0.064306032,0.019156638,0.28009698,-0.141583592
0.015940499,0.007926424,0.071153566,-0.009315624,0.300417683,-0.139624631
0.027866282,0.015128857,0.095570989,-0.046380479,0.312178628,-0.122695314
0.055620471,0.00604766,0.060666288,-0.082751458,0.311141142,-0.071503944
0.046403274,0.019404694,0.060428201,-0.06926394,0.34605746,-0.086453209
0.057288023,0.064647662,0.045114581,-0.068365384,0.346094165,-0.056145714
0.099883303,0.077226108,0.032334576,-0.070692135,0.334927598,-0.033926905
0.073634856,0.089294534,0.004925467,-0.070702701,0.320063957,-0.004220962
0.064508091,0.110580984,-0.023669609,-0.004075404,0.295070144,-0.035933467
0.08754649,0.112869999,-0.082106986,0.021897931,0.251920834,-0.027240847
0.050801445,0.088940253,-0.148617362,0.057208287,0.238005755,-0.05645941
0.007342193,0.144174174,-0.105047372,0.058005999,0.173727235,-0.047379986
0.025344853,0.095693472,-0.140595869,0.083066732,0.136690963,-0.069107295
-0.002016997,0.082639807,-0.095419203,0.083986364,0.109476147,-0.099314123
0.002955707,0.072369149,-0.07922691,0.094037665,0.065760332,-0.092982937
-0.00331895,0.03194539,-0.057122652,0.110351739,0.042295934,-0.111347255
-0.033331921,0.013611616,-0.009271998,0.124572418,0.009992111,-0.089981325
-0.048316469,-0.008646603,0.032740331,0.160169839,-0.002995298,-0.085325878
-0.048297415,-0.032879838,0.054006855,0.183561195,-0.034139114,-0.066096098
0,0,0.061574828,0.228080366,-0.069155065,-0.054069035
0,-0.070268102,0.060066891,0.305955171,-0.084348367,-0.065442974
0,-0.085232109,0.035927778,0.37025182,-0.102089936,-0.060577644
0,-0.091167701,0.017413466,0.416761201,-0.112027519,-0.066123634
0,-0.111520366,-0.050938288,0.473530721,-0.129539661,-0.056478208
0,-0.076103184,-0.062325196,0.493957185,-0.110714321,-0.042186498
0,-0.071620272,-0.080710508,0.50254062,-0.092059699,-0.035029307
0,-0.057827734,-0.081316776,0.498885499,-0.090025855,0.01632113
0,-0.060498845,-0.055092464,0.494935896,-0.057522182,0.039436168
0,-0.073535809,-0.041469927,0.506464723,-0.011325619,0.039454494
0,-0.056564947,0.003541858,0.487546235,0.034782508,0.062450979
0,-0.053836214,-0.009861046,0.486806866,0.083016001,0.077365048
0,-0.022944913,0.008819318,0.449988567,0.108866688,0.118155571
0,-0.017679802,0.027555963,0.456888287,0.152052294,0.129046271
0,-0.016420413,0.021962071,0.452490917,0.174259821,0.10318104
0,0.017034759,0.077513492,0.447157023,0.192529231,0.102403274
0,-0.00378716,0.037568963,0.431356773,0.190801109,0.112576248
0,0.015827019,-0.002979795,0.432497813,0.197297688,0.102703991
0,0.05784591,-0.013418509,0.41335659,0.188965492,0.100920383
0,0.048515749,-0.074887134,0.430405617,0.206974735,0.086248403
0,0.046431874,-0.088067563,0.393074041,0.196685803,0.089917602
0,0.088787184,-0.04763066,0.391561741,0.192445692,0.094600818
0,0.068553177,-0.096608349,0.369399481,0.181799035,0.095570283
0,0.076914613,-0.06528363,0.32896427,0.163365141,0.108262352
0,0.073797212,-0.073845858,0.313688159,0.136591375,0.106497978
0,0.044303768,-0.073311637,0.284506338,0.123073955,0.089531077
0,0.020495838,-0.045757381,0.236848856,0.090522326,0.102031039
0,0.024737841,0.007499217,0.207397727,0.060096531,0.111803382
0,-0.020071863,0.014017123,0.190981705,0.049156428,0.095125706
0,-0.02269034,0.059870486,0.180943771,0.03580649,0.092582825
0,-0.022996972,0.048395821,0.160064544,0.004045439,0.096396306
0,-0.032862814,0.002307761,0.152692968,-0.027522935,0.099026163
0,-0.025686219,-0.034461818,0.173499364,-0.045673697,0.07526433
0,-0.010653731,-0.017702187,0.146143697,-0.086198201,0.073638632
0,-0.016580771,-0.02883781,0.136154239,-0.099214416,0.069273129
0,-0.027527133,-0.050504815,0.131134719,-0.097381598,0.045362292
0,0.000146353,-0.044181877,0.119167431,-0.103046869,0.044336777
0,0.005989426,-0.033242307,0.078534497,-0.117264742,0.060843246
0,-0.003257815,-0.049329391,0.071595767,-0.096223739,0.041082906
0,0.012623731,-0.008397452,0.037766937,-0.097500863,0.048560864
0,0.015227573,0.001362661,0.021596262,-0.091738205,0.045500006
0,0.031070743,0.024130676,0.011142612,-0.088074146,0.043138937
0,0.024980269,0.016220998,0.022044852,-0.074849383,0.021563414
0,0.021140236,0.020248215,0.025960037,-0.067250814,0.009713998
0,0.012444496,-0.011901993,0.0316827,-0.072811026,-0.001049976
0,0.01498235,-0.023193221,0.03575255,-0.079304696,-0.018788377
0,0.006964669,-0.048919909,0.038121599,-0.081518948,-0.040061877
0,0.00049109,-0.031795178,0.029521959,-0.087524109,-0.038607138
0,-0.023173312,-0.045749657,0.004502822,-0.081457868,-0.051683376
0,-0.010788975,-0.017906379,-0.024636838,-0.078014281,-0.039420097
0,-0.002597969,-0.015644319,-0.048612812,-0.06729747,-0.028432628
0,0.003511416,-0.015843937,-0.063188927,-0.030332088,-0.031206914
0,0.028105033,-0.007472728,-0.073161224,0.000408918,-0.031694906
0,0.037103947,-0.018304843,-0.067869657,0.036383181,-0.02284341
0,0.027481245,-0.04316824,-0.052167667,0.082304885,-0.040498442
0,0.058472704,-0.007924164,-0.049861981,0.108602215,-0.027399468
0,0.054511811,-0.002531212,-0.051225714,0.14904458,-0.025196945
0,0.054283235,0.018645901,-0.043835229,0.191724109,-0.025532591
0,0.030601187,-0.008919125,-0.02229505,0.234925365,-0.048934542
0,0.043720095,0.028570089,-0.040208716,0.255977841,-0.033242167
0,0.045032202,0.044294926,-0.040848619,0.292652849,-0.045719585
0,0.012609174,0.037094747,-0.047006973,0.32362154,-0.065920074
0,0.01177396,0.066105021,-0.077518218,0.323088302,-0.037084849
0,0.011234911,0.080405084,-0.076353441,0.352535492,-0.058352753
0,0.013927249,0.064496263,-0.09889512,0.359671826,-0.048549399
0,0.011322563,0.078671161,-0.117362619,0.354293523,-0.040727108
0,0.014693126,0.085661055,-0.13625632,0.35971181,-0.041308539
0,0.023758678,0.057003879,-0.115967618,0.379544711,-0.058748378
0,0.055104589,0.019430172,-0.126227144,0.376383092,-0.046109547
0,0.090753247,-0.00751962,-0.096079013,0.386222355,-0.072921228
0,0.115758828,-0.031555952,-0.091952708,0.375827014,-0.065124866
0,0.122396965,-0.047498038,-0.08371004,0.364145514,-0.070705232
0,0.138881242,-0.034542295,-0.083538523,0.338634543,-0.088003286
0,0.103009379,-0.077730209,-0.075142114,0.298617072,-0.093969442
0,0.094942831,-0.030254338,-0.059326542,0.272766109,-0.108209168
0,0.049338225,-0.049512249,-0.064190206,0.235034776,-0.108207741
0,0.027556437,-0.007105473,-0.040754831,0.214871415,-0.115867019
0,-0.021987841,-0.001710155,-0.032707182,0.211257294,-0.134342718
0,-0.009300787,0.049813324,-0.052268292,0.178735393,-0.099910702
0,-0.020633491,0.056665114,-0.071698245,0.177925263,-0.103028018
0,-0.010056104,0.0369493,-0.082462428,0.182496839,-0.109967353
0,0.017554597,0.033756266,-0.10325003,0.158438933,-0.071747487
0,0.029085555,0.034577135,-0.108221788,0.149495041,-0.070529415
0,-0.000693499,0.014169437,-0.095784837,0.139806169,-0.070823176
0,-0.009860846,0.041419106,-0.096935354,0.130719856,-0.070752562
0,0.00355045,0.06951133,-0.08644763,0.107886965,-0.061720898
0,0.000437941,0.029935183,-0.06577943,0.093930275,-0.066212931
0,0.020498118,0.009323114,-0.036824571,0.0875309,-0.082101019
0,0.03620135,-0.021169627,-0.014884555,0.074196889,-0.095047768
0,0.03757847,-0.030471867,-0.019864306,0.059426294,-0.091461934
0,0.022401415,-0.038515788,-0.028718194,0.05058102,-0.090722056
0,0.041118612,-0.006981088,-0.032075654,0.050496048,-0.095956614
0,0.046044962,-0.017564691,-0.048000909,0.053484204,-0.079966493
0,0.06886096,-0.027609003,-0.039559794,0.070594441,-0.081470285
0,0.09771609,-0.031650123,-0.031498457,0.071399629,-0.061144169
0,0.107948791,-0.062903708,-0.020617696,0.073813802,-0.049955778
0,0.112020705,-0.053798681,-0.004876097,0.064663701,-0.041449252
0,0.095129423,-0.039650958,0.001060124,0.045056014,-0.025830302
0,0.068062002,-0.030288243,0.031675042,0.038290745,-0.030157272
0,0.035882813,-0.029894754,0.058875291,0.02527493,-0.015704974
0,0.008379854,-0.033904728,0.094410326,0.01541019,-0.007312199
0,-0.010896816,-0.015791161,0.114583155,0.009311675,-0.004374793
0,-0.01586105,0.000526539,0.131196565,-0.006496048,0.014535399
0,-0.021894524,-0.000422937,0.137472516,-0.010060497,0.031682523
0,-0.033228297,-0.03433362,0.170568406,-0.004239598,0.027145443
0,-0.017327811,-0.043552539,0.184028196,0.008882438,0.021720264
0,0.0148256,-0.062648082,0.211661754,0.015632203,0.035662615
0,0.032817292,-0.08555802,0.216634168,0.023362794,0.036630704
0,0.073261114,-0.09260262,0.208827935,0.022942084,0.054933568
0,0.111334791,-0.125325505,0.221280381,0.047103709,0.054586093
0,0.113203944,-0.18215123,0.189562378,0.043696135,0.082047535
0,0.124573455,-0.157382814,0.162837177,0.046917121,0.09336781
0,0.130024225,-0.147524229,0.159805371,0.031009702,0.111257554
0,0.125659964,-0.102955981,0.121457418,0.006551538,0.135887443
0,0.1100125,-0.069306892,0.104576646,-0.01005137,0.141267339
0,0.071132272,-0.08148743,0.111709728,-0.046266079,0.143754757
0,0.030737377,-0.076373539,0.117532295,-0.079259746,0.145186238
0,0.01689003,-0.05563132,0.125636387,-0.110505764,0.145743023
0,-0.028692929,-0.054905454,0.148920547,-0.133220929,0.128797748
0,-0.058352384,-0.048450731,0.146102833,-0.1583408,0.126348837
0,-0.064989022,-0.037167788,0.131901414,-0.175900066,0.125147007
0,-0.069679644,-0.033196837,0.125827131,-0.168883296,0.121104567
0,-0.051102389,-0.000674755,0.083274204,-0.174795705,0.142766622
0,-0.050839508,-0.031752791,0.075106185,-0.153296656,0.156871365
0,-4.88E-05,-0.040008472,0.092160472,-0.10803326,0.166993393
0,0.021116658,-0.070680778,0.096610985,-0.06280661,0.171695323
0,0.072303695,-0.09025299,0.120316515,-0.014184201,0.176753043
0,0.11475301,-0.119247321,0.141459492,0.015285666,0.201008846
0,0.167233205,-0.090181862,0.131866576,0.030056409,0.219650692
0,0.173059645,-0.105260273,0.194019377,0.061095415,0.195205162
0,0.160538586,-0.127403305,0.21316224,0.086191198,0.158018688
0,0.1831421,-0.085653175,0.194403917,0.068680617,0.158194161
0,0.160268971,-0.066146161,0.202888471,0.058331781,0.136714224
0,0.107722451,-0.073202742,0.201299498,0.041743255,0.104865434
0,0.068277276,-0.037537066,0.180589076,-0.008770784,0.111874955
0,-0.000265586,-0.02760038,0.163899306,-0.032775529,0.08034132
0,-0.05278685,-0.015773536,0.134018749,-0.075228742,0.072541779
0,-0.045114749,-0.008589097,0.117767417,-0.084415638,0.066329864
0,-0.048540304,-0.025401714,0.129377244,-0.084929143,0.043603624
0,-0.018345921,-0.030731393,0.119289281,-0.085334035,0.026399704
0,0.016105489,-0.051196393,0.105336981,-0.084368468,0.006030769
0,0.047142809,-0.071340717,0.071724368,-0.092954812,0.001877225
0,0.092865772,-0.079733097,0.050623291,-0.088672751,-0.005274404
0,0.107134855,-0.103928435,-0.021625083,-0.091830225,-0.022187546
0,0.098603499,-0.091111216,-0.073864179,-0.105352943,-0.001490538
0,0.082476023,-0.068470806,-0.160762697,-0.133069553,0.032495522
0,0.066884098,-0.085343231,-0.208301832,-0.126571431,0.034208878
0,0.055558417,-0.040049483,-0.261295006,-0.139692799,0.062900721
0,0.040539181,-0.027504238,-0.286379222,-0.124931664,0.061014407
0,0.034650339,0.005179405,-0.331361692,-0.133000271,0.07464843
0,0.036560933,0.006793208,-0.339484239,-0.131608652,0.075516383
0,0.003452518,-0.007952048,-0.346982022,-0.127913399,0.059806055
0,0.005746656,-0.004364599,-0.353979599,-0.162012727,0.076693073
0,-0.015899425,-0.00051446,-0.343135901,-0.170650591,0.072178046
0,-0.050789608,-0.028104515,-0.34736732,-0.16847607,0.055117187
0,-0.043772322,-0.022213761,-0.322622879,-0.162229716,0.053786847
0,-0.045739932,0.004331148,-0.320435748,-0.153730631,0.063709167
0,-0.055884215,-0.008709863,-0.297690623,-0.12394488,0.064581993
0,-0.033044636,-0.005651917,-0.252091349,-0.075666819,0.059025008
0,0.010311901,0.011373585,-0.230409252,-0.03686093,0.060248666
0,0.034913868,0.014505563,-0.202951031,-0.003146065,0.064323259
0,0.071115619,0.005407277,-0.152651782,0.04120297,0.054715492
0,0.096167353,0.005377165,-0.16495074,0.035088729,0.074060338
0,0.11559803,0.019099257,-0.177588313,0.017120312,0.098882538
0,0.119771573,-0.008796906,-0.147031979,0.023339329,0.076183943
0,0.088127483,-0.026429723,-0.157619623,-0.017284511,0.091232865
0,0.0566062,-0.048624204,-0.158051842,-0.043072417,0.075909822
0,0.02821463,-0.013266571,-0.202244524,-0.116707514,0.105422943
0,-0.02584665,-0.016544559,-0.208411553,-0.154782556,0.100535442
0,-0.066943886,0.004629497,-0.248607747,-0.215845465,0.117446531
0,-0.10823529,0.002581299,-0.277643301,-0.255379722,0.131304306
0,-0.148382782,0.005171446,-0.30508815,-0.284943607,0.138884627
0,-0.14568995,-0.022964524,-0.273411313,-0.278261837,0.123562301
0,-0.114071795,-0.011046753,-0.276603859,-0.291742496,0.147624736
0,-0.092858074,-0.030542758,-0.234482042,-0.260475559,0.139847838
0,-0.064601524,-0.025144466,-0.21492178,-0.249217827,0.161558144
0,-0.059826202,-0.028290186,-0.170294903,-0.193187864,0.140685065
0,-0.040988694,-0.031611998,-0.115308974,-0.138200528,0.123971105
0,-0.01943023,0.01088555,-0.091425441,-0.106862679,0.129754839
0,-0.004475083,0.01418472,-0.028421326,-0.027947024,0.105992521
0,0.031441302,0.014930583,-0.000907003,0.006298155,0.093324088
0,0.067917924,0.003540541,0.014014009,0.019849767,0.10792248
0,0.090495077,0.017266474,0.028601069,0.045960262,0.112761303
0,0.089644325,0.007512038,0.031786925,0.055473232,0.11540397
0,0.073554348,-0.032035861,0.069245999,0.06747588,0.105111109
0,0.046007848,0.017099623,0.03782169,0.027464158,0.12428999
0,0.031186242,0.004398278,0.033742151,-0.006122561,0.137099502
0,0.000983315,0.005425065,0.051862757,-0.032555321,0.134607599
0,-0.032968514,-0.01413855,0.060240438,-0.049590264,0.126815855
0,-0.064821867,-0.002306242,0.073374601,-0.063425417,0.12390623
0,-0.087371133,0.005917063,0.074704566,-0.087334363,0.127714635
0,-0.088891394,0.033623286,0.073934858,-0.099854628,0.126697086
0,-0.093670119,0.032094077,0.085896976,-0.087001114,0.107174386
0,-0.088493099,0.004549889,0.108607087,-0.065909184,0.082791166
0,-0.065888655,0.009902925,0.103146584,-0.063352854,0.087091504
0,-0.013526229,0.006723162,0.091972974,-0.06498814,0.093085203
0,0.030297015,0.00705777,0.112148443,-0.034032815,0.081883218
0,0.032299431,-0.008605043,0.109072681,-0.004744812,0.070023928
0,0.050875074,-0.014417559,0.108447039,0.017313065,0.054754542
0,0.05562657,0.00921173,0.092233373,0.020368301,0.053786882
0,0.056740199,0.014760817,0.073124506,0.000681147,0.058371929
0,0.047758974,-0.007334495,0.094339718,0.025271613,0.026146066
0,0.045572986,-0.031322117,0.070021338,-0.011664643,0.033331292
0,0.035747815,-0.014350644,0.061025139,-0.02628463,0.027009211
0,0.017893307,-0.003848356,0.040810488,-0.050642537,0.023268888
0,-0.017138209,-0.017832877,0.036547458,-0.054909218,0.011528526
0,-0.0574866,-0.007705403,0.010665712,-0.075880884,0.010407511
0,-0.082182426,0.026080811,-0.01086494,-0.066996417,-0.004279166
0,-0.083054016,0.028955656,-0.023573193,-0.072124617,-0.001999995
0,-0.074931423,0.017775591,-0.033100976,-0.071964085,0.002070774
0,-0.050397713,0.013884459,-0.047221794,-0.057267105,0.007556425
0,-0.013258056,0.003573516,-0.057112415,-0.049128077,0.023401936
0,0.022639149,-0.019950072,-0.053604999,-0.027053307,0.027999443
0,0.057497204,-0.031692902,-0.048692221,-0.005115734,0.039124053
0,0.068158545,-0.014707305,-0.054149375,0.003216052,0.048932409
0,0.071658501,-0.022323946,-0.044370351,0.014164897,0.058511823
0,0.083287308,0.002735437,-0.033196188,0.026517876,0.055966051
0,0.085936782,0.001223909,-0.003215991,0.024497674,0.057953349
0,0.066684167,-0.026166923,0.034293749,0.044898843,0.032712487
0,0.0412589,0.015292474,0.022493898,0.002181867,0.050224861
0,0.014734132,0.019699605,0.050814924,0.000963405,0.030724238
0,-0.014491117,0.021518538,0.048810083,-0.015549276,0.030284758
0,-0.030177959,0.011650523,0.076264083,-0.018024491,0.016037858
0,-0.042866945,-0.005845073,0.073178384,-0.037114561,0.029507138
0,-0.040834479,-0.011962045,0.063538062,-0.053861968,0.045614797
0,-0.024379165,-0.024239032,0.067763906,-0.052754619,0.048461161
0,0.001234109,-0.052846325,0.056950244,-0.062485702,0.055263327
0,0.037625355,-0.055283894,0.037302224,-0.07446638,0.067405374
0,0.045059929,-0.072617239,0.013159197,-0.093717572,0.072394012
0,0.047221855,-0.025146734,-0.016043337,-0.10450906,0.079107398
0,0.022981046,-0.050507678,-0.022922409,-0.106958687,0.061827573
0,-0.010645134,-0.021978498,-0.050402088,-0.132750688,0.05898869
0,-0.034843565,5.37E-05,-0.080662483,-0.161734367,0.063593512
0,-0.047954523,-0.010460008,-0.108111923,-0.191082686,0.069253116
0,-0.042433947,-0.025455178,-0.111021482,-0.187189545,0.055269329
0,-0.024691818,-0.010219698,-0.164220179,-0.221933374,0.07548627
0,-0.013251537,-0.057442266,-0.178577687,-0.201126371,0.061758135
0,0.018664019,-0.022501636,-0.19460186,-0.200895533,0.081789212
0,0.020668686,-0.00455788,-0.215960516,-0.194826997,0.096693833
0,0.022395458,0.008985541,-0.239625586,-0.183916526,0.100928207
0,0.019643752,0.001382481,-0.223358427,-0.148898309,0.079707817
0,0.027915191,-0.008166731,-0.219384974,-0.142738515,0.077616286
0,0.010927632,-0.020865293,-0.227081443,-0.137197608,0.064457162
0,0.024699159,-0.019331846,-0.211217373,-0.144645316,0.063391702
0,0.01369774,-0.030371888,-0.214960597,-0.136916456,0.043811455
0,0.010506011,-0.009564132,-0.206895068,-0.136393051,0.038610118
0,0.001482625,0.001573757,-0.20324761,-0.137663175,0.037160501
0,-0.011965744,-0.003410935,-0.193024956,-0.121857524,0.02155668
0,-0.032481179,-0.031166113,-0.187710849,-0.089942584,-0.004468796
0,-0.019246941,0.009760094,-0.184919857,-0.096142172,0.009396601
0,-0.016382956,0.008425527,-0.178326735,-0.073296284,-0.010856301
0,-0.017428387,0.010097393,-0.183299628,-0.048579044,-0.015762504
0,-0.007928116,0.032941054,-0.178958781,-0.041967699,-0.008223578
0,-0.013743856,0.016574975,-0.191057458,-0.032697368,-0.000447397
0,0.000827503,0.012769765,-0.17512771,-0.016885112,-0.002036068
0,0.00891222,-0.01036168,-0.160510529,0.005018348,-0.005574139
0,0.026401597,0.002469089,-0.143146771,0.041546504,-0.013633173
0,0.03102413,0.007844655,-0.14367541,0.032323729,-0.010933477
0,0.025308232,0.005036085,-0.152616041,0.037374365,0.00457966
0,0.011265001,0.013596405,-0.131415698,0.080986605,-0.022664527
0,0.012655108,0.038650166,-0.130441941,0.079421268,-0.010155795
0,0.017156817,0.051363752,-0.10869632,0.097919533,-0.020113451
0,0.018136886,0.039750401,-0.094522417,0.112926226,-0.022466057
0,0.019803787,0.061455306,-0.079985793,0.102151362,-0.017023991
0,0.020105403,0.055295464,-0.061272029,0.09953124,-0.025318113
0,0.010602162,0.044903258,-0.042975802,0.083786354,-0.031975725
0,-0.003264192,0.027206986,-0.020430024,0.074924985,-0.045526093
0,-0.012801361,0.018990039,-0.001430507,0.05994761,-0.06032094
0,-0.017904801,0.006210468,0.007879801,0.033481003,-0.072766676
0,-0.021984506,0.008700692,0.010616874,0.024288995,-0.071078426
0,-0.018007085,0.015978245,0.008883496,0.016329572,-0.072844326
0,-0.029846393,0.019015307,0.019231958,0.037009826,-0.092180441
0,-0.024069102,0.032247464,0.007058291,0.006770794,-0.069867598
0,-0.019210145,0.026110861,0.017742318,0.019142301,-0.074060547
0,-0.007220345,0.022679426,-0.001201983,0.001791985,-0.060701071
0,0.002953274,0.017616595,-0.006101936,-0.008017661,-0.054055998
0,0.000398145,-0.000554646,-0.007919336,-0.006653378,-0.048637369
0,0.002495696,-0.000241572,-0.008844942,-0.018675929,-0.043851616
0,-0.002562902,-0.001777629,-0.01911563,-0.021419177,-0.034625996
0,-0.003889476,0.00284841,-0.011146809,-0.024412895,-0.034834932
0,-0.016571158,0.012506926,-0.0223189,-0.032211128,-0.033928317
0,-0.020767614,0.004085754,0.003767751,0.000776161,-0.061354845
0,-0.009238009,0.023675376,0.000326744,0.002286557,-0.061782072
0,-0.013470636,0.010287605,-0.009128915,0.012073886,-0.062341421
0,-0.007070559,0.020797026,-0.002515827,0.038609026,-0.074825041
0,-0.004197892,0.028158064,-0.018467389,0.034696091,-0.060846237
0,-0.005418388,0.036695449,-0.018920056,0.047165765,-0.067024995
0,-0.009329745,0.035748987,-0.024409073,0.053116122,-0.069905059
0,-0.014797431,0.025038583,-0.018376108,0.061442276,-0.077104183
0,-0.007858409,0.016783615,-0.028802779,0.064358591,-0.077057164
0,0.008188947,0.006070699,-0.031758923,0.058571646,-0.076067188
0,0.022826879,0.009031904,-0.029736442,0.050878917,-0.074957616
0,0.011460071,0.010259559,-0.05015133,0.039771563,-0.07664553
0,0.006695611,0.011454607,-0.056522543,0.047339933,-0.079890211
0,-0.006494338,0.025665475,-0.073159909,0.043087098,-0.073256082
0,-0.026477707,0.031536239,-0.085247714,0.056871507,-0.083300718
0,-0.030180725,0.022934123,-0.09646461,0.049752704,-0.077516043
0,-0.032897624,0.037730356,-0.130712184,0.026278932,-0.055845882
0,0.003520474,0.010371239,-0.110568761,0.035545902,-0.062576331
0,0.020663533,0.00516026,-0.104872,0.026912541,-0.054006431
0,0.025776987,-0.013370548,-0.089765331,0.02634963,-0.055873589
0,0.022729923,-0.01246774,-0.084309374,0.021675266,-0.046835108
0,0.021941269,-0.016846387,-0.066658705,0.0293182,-0.046611549
0,0.019756927,-0.013907477,-0.065458728,0.031911542,-0.039941109
0,0.01925325,-0.00952866,-0.074484021,0.035205419,-0.036950872
0,0.017534795,0.006544938,-0.086715817,0.026119962,-0.026234195
0,0.02960068,0.009878572,-0.070694157,0.029709634,-0.019065468
0,0.030040287,0.010946638,-0.066557325,0.036780009,-0.01561357
0,0.031473236,0.015187285,-0.07768033,0.018612971,0.001219042
0,0.032830978,-0.00865838,-0.057060571,0.020781143,-0.004772787
0,0.025316949,-0.016252661,-0.061315514,0.001509703,0.008821069
0,0.014562844,-0.007126778,-0.047887021,-0.005600385,0.001968437
0,-0.007497855,0.00083905,-0.047370749,-0.022294191,-0.000862038
0,-0.014347321,-0.003770453,-0.03392175,-0.018779155,-0.007720942
0,-0.030293764,0.007971445,-0.040113423,-0.024947276,-0.009361125
0,-0.035195115,0.020979394,-0.03294644,-0.020276208,-0.010075353
0,-0.031227914,0.020321338,-0.039299298,-0.021385859,-0.000833272
0,-0.018508783,-0.01078875,-0.039715535,-0.024447642,0.014761077
0,0.003790333,-0.003387972,-0.043214887,-0.028995861,0.036433004
0,0.01826797,-0.030528485,-0.038105115,-0.029871237,0.047433854
0,0.036712806,-0.001812901,-0.024216941,-0.014466872,0.049547178
0,0.038253444,-0.016152258,-0.008639078,-0.007720063,0.046297029
0,0.036086454,-0.011712324,0.001639638,-0.008349671,0.0452575
0,0.031206138,-0.022201338,0.023391963,-0.004264976,0.02920365
0,0.010330598,-0.00983408,0.022629836,-0.009462111,0.025237791
0,-0.005422199,-0.018848543,0.043004753,-0.005245572,0.009654731
0,-0.023377924,0.009913156,0.021927759,-0.020049154,0.015953356
0,-0.023819622,-0.005791799,0.032938678,-0.006955774,0.007433904
0,-0.010346396,-0.002835675,0.037671134,-0.004116436,0.010450877
0,-0.009887624,-0.026611035,0.023578615,-0.002176895,0.015660728
0,0.004645619,-0.000976995,0.008429719,-0.010365974,0.023215726
0,0.009207703,-0.005198034,-0.006346143,-0.007652834,0.029372387
0,0.010083674,0.002977132,-0.013926613,-0.008385497,0.034944844
0,0.007344583,-0.00072452,-0.021027523,-0.003359073,0.033064062
0,0.005445601,0.005953297,-0.03261913,-0.005530474,0.040784918
0,0.009010115,0.007319082,-0.043182944,-0.012311107,0.045650411
0,0.003802948,0.001069689,-0.048175908,-0.017602216,0.046014135
0,0.000613303,0.008009275,-0.040375879,-0.013193009,0.042370146
0,-0.002838138,-0.008778101,-0.050232358,-0.020809197,0.040822093
0,-0.007370386,-0.017333079,-0.038383161,-0.02094505,0.031102699
0,-0.018062201,-0.023616825,-0.048945019,-0.015051569,0.024359367
0,-0.025652874,-0.020579741,-0.046786754,-0.010116741,0.023280819
0,-0.023318753,0.003165754,-0.05335838,0.003324549,0.021900089
0,-0.011459133,0.015790392,-0.053361287,0.022314403,0.02543069
0,-0.004854944,-0.011326866,-0.038258612,0.050616009,0.01498816
0,0.014714384,0.004834388,-0.051296851,0.050825107,0.038986411
0,0.031567101,-0.004148619,-0.031696099,0.071822933,0.041251587
0,0.036212545,-0.01500743,-0.026037029,0.078497152,0.037433136
0,0.049650197,-0.015917132,-0.036144406,0.059865904,0.066457724
0,0.042009895,-0.025313286,-0.007530844,0.07215326,0.052800748
0,0.01587179,-0.010686256,-0.004860384,0.066247323,0.060574384
0,0.003702103,0.016881337,0.023808065,0.078028869,0.054678686
0,-0.017064995,0.014122016,0.041004125,0.079482568,0.050423092
0,-0.033121811,0.026142059,0.066532444,0.088284328,0.039386064
0,-0.036543539,0.031761486,0.082653556,0.08028476,0.048562674
0,-0.028384168,0.01411759,0.107067764,0.079141527,0.048645469
0,-0.007331349,0.006000913,0.125004443,0.076147251,0.053804466
0,-0.007385535,-0.009786189,0.135278426,0.072466549,0.059259355
0,-0.014820481,-0.020623682,0.128242936,0.044766791,0.086751194
0,-0.023613015,-0.002229297,0.133937236,0.040519942,0.081884971
0,-0.032922213,-0.001083488,0.131952074,0.03405497,0.066402066
0,-0.05229386,0.00528425,0.135465323,0.024876391,0.052752679
0,-0.0702862,-0.001719924,0.14254245,0.042590015,0.019861778
0,-0.070674522,0.000150984,0.137529811,0.057946458,-0.005618785
0,-0.051254868,-0.002849382,0.121124973,0.076100536,-0.021081882
0,-0.020224694,-0.000359092,0.100031715,0.100740415,-0.038757898
0,0.008217869,0.000963413,0.080609917,0.111634699,-0.040491192
0,0.017502561,0.000518193,0.048718251,0.103503241,-0.027464792
0,0.02460174,0.010729544,0.049118444,0.111858794,-0.033818536
0,0.017646122,0.026745233,0.020602786,0.099470565,-0.029729106
0,0.000248293,0.022105503,0.013685067,0.097006848,-0.038563612
0,-0.008087692,0.05602179,-0.000446677,0.086435047,-0.039314381
0,-0.026789406,0.05744064,0.008676904,0.092594699,-0.049529882
0,-0.021934819,0.059979047,0.02190353,0.095059794,-0.062421215
0,-0.016634187,0.029839947,0.027676605,0.078934507,-0.066549692
0,-0.010044457,0.014105999,0.037046935,0.07438308,-0.0747084
0,-0.018377087,-0.018542544,0.061755642,0.089677187,-0.101605276
0,-0.020826483,0.005618833,0.05105223,0.083061046,-0.087786111
0,-0.028488721,0.004181987,0.051361542,0.098308408,-0.095088832
0,-0.031535549,0.017064595,0.045449944,0.109177321,-0.094349029
0,-0.019764316,0.037932554,0.038938991,0.135512491,-0.09877128
0,0.000302721,0.012594935,0.018948877,0.131322682,-0.073789139
0,0.024724027,0.007219064,0.007612637,0.161071116,-0.072423761
0,0.041267187,0.003010689,0.003161657,0.162847698,-0.064229552
0,0.049141468,0.001043944,-0.01418832,0.149629987,-0.04681031
0,0.048770822,-0.004428839,-0.004031286,0.15602448,-0.05544664
0,0.033844773,0.013112042,-0.036626816,0.137181454,-0.051777691
0,0.006975659,0.032431614,-0.056525089,0.106734611,-0.045271631
0,-0.006089317,0.040516431,-0.056685273,0.091927812,-0.050555458
0,-0.02412787,0.032728036,-0.051744958,0.098780028,-0.069350578
0,-0.024733478,0.016182081,-0.05313373,0.083384615,-0.07102542
0,-0.01238166,0.026030286,-0.040885491,0.076501626,-0.073967936
0,-0.00270475,0.020436062,-0.026455209,0.069217475,-0.08450989
0,0.006711462,-0.009620618,-0.00953273,0.055436235,-0.093359597
0,0.005002499,-0.028079294,-0.00930129,0.046942185,-0.098221065
0,0.018513732,-0.022566118,-0.001819085,0.036655017,-0.095489527
0,0.021290314,-0.014052988,-0.007876894,0.0226118,-0.089512301
0,0.014847966,-0.025557748,-0.012842699,0.012024583,-0.080215185
0,0.011354085,-0.01548813,-0.018309982,-0.001481527,-0.069168286
0,0.002570792,-0.006096643,-0.038725287,-0.031666597,-0.052937455
0,-0.009402276,-0.012175921,-0.037100329,-0.044532542,-0.049171162
0,-0.0239728,-0.031831815,-0.024499466,-0.046493408,-0.059678563
0,-0.022610052,-0.030679236,-0.021054573,-0.045579173,-0.060122837
0,-0.009770036,-0.034883495,-0.02098272,-0.047532368,-0.051447799
0,0.002633794,-0.028745667,-0.016974932,-0.038767605,-0.047366067
0,0.026740346,-0.041530581,-0.006169558,-0.027411956,-0.038951631
0,0.045950158,-0.036698377,0.006577162,-0.01667124,-0.029789077
0,0.053812407,-0.044423568,0.01640312,-0.010051199,-0.021688798
0,0.052974899,-0.017335791,0.022363376,-0.009444516,-0.014801252
0,0.043484986,-0.035789905,0.029840785,-0.003350357,-0.014168972
0,0.046522906,-0.014365815,0.017321151,-0.029672044,0.007094862
0,0.042226513,-0.030702499,0.026209574,-0.028286554,0.004608812
0,0.033953014,-0.028299357,0.017048483,-0.044869779,0.010557969
0,0.023414379,-0.029147596,0.018861575,-0.054317785,0.007885162
0,0.002426587,-0.012911887,0.009632922,-0.062595588,0.008529116
0,-0.005963846,-0.024183401,0.013887121,-0.06198234,0.001005574
0,-0.008086526,-0.014672497,-0.012589421,-0.082364794,0.010473871
0,0.010444306,-0.024463504,-0.002749007,-0.08019784,0.008023271
0,0.016764934,-0.0327432,-0.004682469,-0.092149111,0.01764101
0,0.02030123,-0.040679719,0.00561043,-0.083781042,0.006759257
0,0.011169172,-0.038289801,-0.003417515,-0.083677695,0.000209075
0,-0.00431486,-0.050485154,0.000357277,-0.067300328,-0.02050467
0,-0.004378932,-0.039845316,0.007444013,-0.066210453,-0.01806932
0,-0.001114303,-0.04879863,0.022023468,-0.029014056,-0.041088506
0,0.020476414,-0.035339862,0.036753029,-0.016371835,-0.037795599
0,0.037366821,-0.045059854,0.044197133,0.004253396,-0.050173439
0,0.063289828,-0.043245297,0.046230557,0.032734202,-0.064580392
0,0.064388667,-0.052593691,0.051842597,0.046018995,-0.078406909
0,0.05523157,-0.035752596,0.037430746,0.039764947,-0.079560262
0,0.040992667,-0.031174626,0.024031733,0.039080946,-0.088292032
0,0.017161783,-0.028163761,0.002923062,0.042935824,-0.10209183
0,0.006692047,-0.012709878,-0.019323934,0.021888041,-0.101992774
0,-0.001104876,0.006847488,-0.02976232,0.007960773,-0.098360731
0,-0.014814321,-0.005929679,-0.028045915,0.01428079,-0.106475226
0,-0.026063106,0.010082672,-0.06584533,-0.02142298,-0.078660227
0,-0.016564468,0.003833336,-0.055294536,-0.013106283,-0.086235089
0,-0.010077512,-0.008907318,-0.060966822,-0.03113982,-0.07426445
0,-0.014815708,-0.046148105,-0.066787263,-0.026535482,-0.090966643
0,-0.014468053,-0.031991405,-0.076175443,-0.046358834,-0.080985252
0,-0.011007477,-0.027757478,-0.093087792,-0.062275238,-0.070078362
0,-0.012693809,-0.053644206,-0.076475716,-0.035174362,-0.093085051
0,-0.008526248,-0.054756225,-0.070745515,-0.031289303,-0.089247117
0,-0.006689481,-0.028484636,-0.087486445,-0.033240016,-0.067751056
0,0.009644199,-0.030021704,-0.09408918,-0.016526326,-0.050515448
0,0.05677562,-0.041973835,-0.077262469,0.009670378,-0.041277591
0,0.100909436,-0.051810886,-0.0580084,0.019227464,-0.016570847
0,0.13889858,-0.046018934,-0.029366554,0.046499229,-0.005333435
0,0.164800419,-0.060859886,-0.019174339,0.070907477,-0.013394548
0,0.157800104,-0.040960554,-0.028871912,0.041045359,0.011165891
0,0.147345722,-0.058115086,-0.023202859,0.029143983,0.003480586
0,0.128337279,-0.063708544,-0.011507277,0.02225179,-0.020349515
0,0.099312306,-0.070685565,-0.01693298,-0.009353182,-0.033121607
0,0.051613392,-0.069078846,-0.042033427,-0.056614613,-0.034973803
0,0.004593475,-0.062748772,-0.051248025,-0.084822499,-0.062197562
0,-0.038378326,-0.062813017,-0.047816847,-0.111828393,-0.076141289
0,-0.072037384,-0.061382704,-0.059885274,-0.132763072,-0.092478039
0,-0.102442836,-0.049039581,-0.079620387,-0.14722216,-0.103998183
0,-0.107258482,-0.082887579,-0.090506337,-0.159693498,-0.118033022
0,-0.128878697,-0.078961336,-0.137678791,-0.176796704,-0.125271107
0,-0.10722559,-0.074575943,-0.099532853,-0.132073923,-0.14202517
0,-0.111209989,-0.064711698,-0.147629207,-0.132407768,-0.134449785
0,-0.077656032,-0.032711568,-0.156831772,-0.101617137,-0.128049752
0,-0.055259312,-0.036688483,-0.149498456,-0.062170083,-0.11448819
0,-0.026537003,-0.064360839,-0.152555666,0.001440974,-0.125992462
0,0.005239198,-0.007238053,-0.165606231,-0.003113161,-0.081732781
0,0.016727168,0.004089381,-0.151843769,0.03399262,-0.077232183
0,0.023844468,0.007784493,-0.153192665,0.062316958,-0.072519481
0,0.020227361,0.000980125,-0.158316946,0.088295734,-0.067757932
0,0.023921347,0.027604086,-0.170808189,0.064991351,-0.028304686
0,0.022705191,0.035003368,-0.154768888,0.088839973,-0.037543134
0,0.034278678,0.032801015,-0.166821471,0.072488085,-0.014366377
0,0.020179325,0.005131062,-0.146434172,0.072921188,-0.016676092
0,0.019972791,0.020320562,-0.155121076,0.047512267,0.003246061
0,0.015580263,0.002042175,-0.152455934,0.044194727,-3.29E-05
0,0.020205277,-0.010742056,-0.153657803,0.029884055,0.011617967
0,0.0238537,-0.024540675,-0.153880152,0.012137946,0.022912425
0,0.024585396,-0.013386404,-0.163141693,-0.011998754,0.040152607
0,0.018428031,0.015189141,-0.172075575,-0.021277236,0.043234919
0,0.001763055,0.0215474,-0.171954771,-0.005161781,0.027234758
0,0.005487537,0.030734332,-0.175633114,-0.021256185,0.042249236
0,0.028188912,0.031624249,-0.145510061,-0.015210344,0.044669836
0,0.064072198,0.008983315,-0.132399829,-0.033595513,0.050808199
0,0.094342003,-0.019480342,-0.107556978,-0.049985687,0.052735429
0,0.085830664,-0.011207773,-0.068501746,-0.054441926,0.027989414
0,0.056919717,-0.012558298,-0.049428885,-0.07206948,-0.001129896
0,0.032097401,-0.01241524,-0.030418657,-0.103241233,-0.021739676
0,0.004402073,-0.028547261,-0.003239754,-0.124862885,-0.049897866
0,-0.026146429,-0.027314294,-0.024335226,-0.173206823,-0.048908152
0,-0.046849663,0.01064154,-0.003987357,-0.183916847,-0.058587238
0,-0.054981731,-0.014041751,-0.014431116,-0.22861601,-0.045741251
0,-0.053507717,0.009992145,0.002694873,-0.234430057,-0.056614705
0,-0.033404005,-0.036714537,0.021380688,-0.256902617,-0.046202865
0,-0.008427943,-0.037028082,0.03368524,-0.258973652,-0.040686896
0,-0.002389733,-0.061773895,0.031920305,-0.274219897,-0.034890792
0,0.005038427,-0.043873591,0.046852245,-0.267362433,-0.033949697
0,-0.006317053,-0.060404596,0.051185152,-0.271756559,-0.03477171
0,-0.001622202,-0.058039941,0.055012414,-0.262965038,-0.038641376
0,0.01675374,-0.047581097,0.033423677,-0.260215346,-0.022411943
0,0.033542286,-0.059136614,0.027663406,-0.26324996,-0.011161886
0,0.032730184,-0.056972459,0.023286399,-0.248176117,-0.020278343
0,0.034988964,-0.039411216,0.014821471,-0.264434742,-0.002239136
0,0.025127034,-0.04491817,0.013191124,-0.266840544,0.006053898
0,0.006880456,-0.046315366,0.0140454,-0.27230666,0.001713679
0,-0.006630367,-0.032354926,0.00708963,-0.266903385,0.004656984
0,-0.013455481,-0.060106784,0.017373242,-0.260804479,-0.009370791
0,-0.014806356,-0.033963585,-0.028971877,-0.304502542,0.019160938
0,-0.005613579,-0.036727452,-0.018468572,-0.267221472,0.0033417
0,-0.007882416,-0.060511834,-0.018240628,-0.24696016,-0.002446244
0,-0.008241278,-0.023446815,-0.045307534,-0.268938207,0.019754326
0,-0.019631096,-0.027993254,-0.039512646,-0.256203049,0.011368737
0,-0.042439503,-0.033846986,-0.040278207,-0.255084945,0.011309672
0,-0.033946633,-0.039511131,-0.039470601,-0.242518947,0.018906902
0,-0.015114422,-0.001380944,-0.046656317,-0.245864579,0.046041831
0,-0.001789907,-0.054215602,-0.017066703,-0.19274754,0.029323065
0,0.012374275,-0.018276348,-0.041280583,-0.199016647,0.057628397
0,0.025501735,-0.03297902,-0.036796414,-0.184435714,0.0590902
0,0.045929897,-0.022470242,-0.033384387,-0.168781272,0.060170016
0,0.045243008,-0.015956844,-0.042801168,-0.173062816,0.068374999
0,0.039496788,-0.002252405,-0.036879204,-0.167724428,0.063849591
0,0.012588574,-0.008629646,-0.028132295,-0.153660449,0.05028903
0,-0.006600913,0.009075975,-0.022067798,-0.167892229,0.059916826
0,-0.025497068,0.014199455,-0.019217079,-0.169868315,0.055484303
0,-0.032158317,-0.000945666,-0.001302346,-0.162332572,0.048769859
0,-0.035099533,0.003172973,0.029451205,-0.155234105,0.040027668
0,-0.037811981,-0.009353385,0.054034605,-0.138782311,0.03239596
0,-0.036496147,-0.02675105,0.065756208,-0.156325758,0.041739345
0,-0.01981209,-0.013615938,0.08274003,-0.133048807,0.032191242
0,-0.006500075,-0.032667392,0.093464416,-0.144161167,0.043619731
0,-0.007524753,-0.052476694,0.125615975,-0.123376852,0.03017239
0,-0.004101444,-0.031274228,0.124842161,-0.134713073,0.042862712
0,-0.005740835,-0.012876014,0.118170371,-0.145083908,0.057470728
0,-0.010430158,-0.021554466,0.11530688,-0.135749636,0.051211115
0,-0.016474629,-0.047936916,0.115008477,-0.115987509,0.040348651
0,-0.025345645,0.001256765,0.096839284,-0.124296688,0.060281255
0,-0.020946286,0.000599538,0.087399559,-0.100803453,0.050999247
0,-0.009404698,-0.022812394,0.076982993,-0.094121693,0.051957083
0,-0.004501055,-0.021998746,0.082627607,-0.080979612,0.050272987
0,-0.007642598,-0.002410701,0.059856018,-0.079067937,0.063298964
0,-0.012029534,0.008591932,0.068550317,-0.054304298,0.055009432
0,-0.013711163,0.000298759,0.055257997,-0.045699798,0.061712899
0,-0.000868318,0.018652386,0.031572822,-0.054603656,0.081819543
0,0.003765307,-0.003969365,0.030116947,-0.048547357,0.076430053
0,0.004102672,-0.009552695,0.040095279,-0.029994353,0.067458942
0,-4.24E-06,0.005687438,0.028885555,-0.02477132,0.072034126
0,-0.014063853,0.016326801,0.023372105,-0.020519197,0.07445702
0,-0.018629612,0.001318853,0.0225808,-0.01732407,0.071414577
0,-0.009786223,0.02418263,0.024432644,-0.010693824,0.073611494
0,-0.012916451,0.015427939,0.022438722,0.004946603,0.057827126
0,-0.004898293,0.017753283,0.015222751,0.004347439,0.067907406
0,0.014565732,0.022465,0.016397651,0.00262149,0.064543429
0,0.014646756,0.005163922,0.015472203,0.017629072,0.059352212
0,0.016725082,-0.001509477,0.012768893,0.016934789,0.062655499
0,0.006847272,-0.021827642,0.010346963,0.026272091,0.053481182
0,-0.008026081,0.009430716,0.008860589,0.025383389,0.049504024
0,-0.021455733,0.01897579,-0.008448645,0.016625245,0.048897517
0,-0.025103133,0.029068717,-0.005783034,0.030743807,0.033469663
0,-0.025367939,0.026338398,0.004734508,0.042084517,0.018111226
0,-0.024879171,0.026385593,-0.007329367,0.037868479,0.023127826
0,-0.014173345,0.01267817,-0.00125763,0.043193775,0.016359041
0,-0.003456972,0.006570582,-0.001148177,0.043242106,0.022273359
0,0.000644605,0.00097413,-0.013800707,0.036012665,0.037145899
0,0.007801677,0.016169061,-0.020411245,0.041348342,0.045376269
0,0.004788243,0.018988304,-0.030153242,0.033745753,0.059099119
0,0.000223687,0.020081968,-0.017569423,0.042213917,0.049291498
0,-0.008302224,0.025576933,-0.024902488,0.029894905,0.052294153
0,-0.014012976,-0.001452509,-0.008181865,0.043776778,0.029047386
0,-0.020698754,0.012191164,-0.025933523,0.026867938,0.026977676
0,-0.013129003,0.01206862,-0.024444695,0.023858442,0.01786455
0,-0.00627642,0.002081752,-0.028454982,0.02830078,0.009264419
0,-0.007150169,-0.000314074,-0.017950958,0.028381072,-0.002747872
0,-0.016153988,-0.011469389,-0.015596031,0.034044247,-0.016496089
0,-0.033022954,-0.001400411,-0.020457969,0.040077172,-0.024695506
0,-0.030666436,0.008992289,-0.025029894,0.03221544,-0.025305569
0,-0.028976489,0.018814077,-0.02585054,0.02895376,-0.029843747
0,-0.014726811,0.015863381,-0.028866094,0.016374286,-0.020858148
0,0.003086593,-0.00083541,-0.027829743,0.020389051,-0.025094662
0,-0.001715467,-0.002240399,-0.023310576,0.01480633,-0.025828859
0,-0.004259721,-0.005856754,-0.037326389,0.007755995,-0.014652147
0,-0.013150164,0.010495777,-0.044789744,0.007253753,-0.013713486
0,-0.01816319,0.018085519,-0.040413551,0.008400934,-0.01895872
0,-0.027273238,0.04061924,-0.058407593,-0.02473366,-0.003992578
0,-0.032438274,0.029819829,-0.054300277,-0.032213563,-0.011443932
0,-0.037443496,0.019659789,-0.033863943,-0.021415154,-0.025349177
0,-0.037857932,0.007591971,-0.021583275,-0.032366255,-0.032945913
0,-0.0440065,-0.010620255,-0.001318844,-0.031942829,-0.052307726
0,-0.057247535,-0.006152626,0.000298445,-0.03091591,-0.059535677
0,-0.076715666,0.001529254,-0.007050786,-0.043359298,-0.057930202
0,-0.089831932,0.017061328,-0.002263045,-0.031937296,-0.059488428
0,-0.09308674,0.003308048,-0.016693623,-0.029364734,-0.058906875
0,-0.074467042,0.037454146,-0.049161677,-0.031995076,-0.042760413
0,-0.061173706,0.022603337,-0.043783676,-0.010140295,-0.042263666
0,-0.043809646,0.040172266,-0.064604886,-0.010584388,-0.02292472
0,-0.034743845,0.053642101,-0.061280961,0.020509323,-0.03145853
0,-0.025246754,0.063590285,-0.077183246,0.023567552,-0.009357829
0,-0.01714443,0.057668034,-0.07431443,0.024803232,0.002616154
0,-0.002258423,0.060460661,-0.066904689,0.063643694,0.008514377
0,0.023072795,0.081862668,-0.066219422,0.070034319,0.028037276
0,0.052878475,0.06627253,-0.050890813,0.088929228,0.026563709
0,0.059423075,0.057513861,-0.050552342,0.088810059,0.041895491
0,0.066191507,0.082412489,-0.044925131,0.106119709,0.050267547
0,0.049595772,0.071748293,-0.036142547,0.103965167,0.046592403
0,0.049157326,0.089629338,-0.039595046,0.088533904,0.072458814
0,0.045159687,0.070147167,-0.010080399,0.081756872,0.076334926
0,0.032049594,0.049022607,0.016566901,0.079276882,0.071101431
0,0.004563297,0.048546751,0.029652855,0.049135484,0.077039601
0,-0.017437043,0.062572847,0.061532192,0.031157033,0.074439658
0,-0.049493372,0.053900843,0.08554738,0.021078146,0.064242219
0,-0.060717485,0.060923084,0.111182692,0.011532175,0.064745907
0,-0.049255089,0.036132551,0.158926304,0.017303731,0.060340055
0,-0.027074644,0.018153439,0.204448945,0.035846937,0.039126959
0,-0.009404235,0.012365753,0.219887317,0.032581619,0.045333674
0,0.002243561,-0.004943165,0.243525131,0.038068967,0.040347628
0,0.007719877,-0.035564606,0.306997924,0.053257909,0.014891259
0,-0.005904964,0.003053334,0.317276945,0.049936181,0.015373455
0,-0.047106639,-0.003076142,0.300291995,0.048051371,-0.001125391
0,-0.071413171,0.00044017,0.314978388,0.044549648,0.001990509
0,-0.082863244,0.013433673,0.300392337,0.045625096,0.000721627
0,-0.055729766,-0.006625331,0.309788373,0.043238488,0.006079049
0,-0.046896672,-0.006435439,0.278928091,0.051935259,0.003494884
0,-0.029509774,-0.023791072,0.240425878,0.046939064,0.020883132
0,-0.016236364,-0.028514301,0.210685579,0.03509412,0.035831448
0,0.011952221,-0.020825613,0.212959415,0.05393767,0.032509963
0,0.014834591,-0.000774891,0.167367606,0.019306621,0.063835972
0,0.011288388,-0.030273845,0.163192679,0.018649169,0.061531834
0,-0.002149514,-0.024204483,0.132435369,0.009562537,0.056507974
0,-0.008635957,-0.023425031,0.120053957,-0.007251353,0.057390336
0,-0.019828917,-0.001850988,0.100501495,-0.032013649,0.061655813
0,-0.007397014,-0.024595642,0.112475433,-0.016546357,0.047494838
0,-0.022281211,-0.024792141,0.078708632,-0.02720613,0.061177527
0,-0.012395904,-0.03096489,0.073764319,-0.026942056,0.066313581
0,-0.000890369,-0.01599068,0.080004182,-0.01256981,0.057375031
0,-0.006660733,-0.019836482,0.07248088,-0.01553074,0.058818611
0,-0.01532713,-0.023699714,0.070161666,-0.013574539,0.047606171
0,-0.028272559,-0.01387622,0.070962963,-0.008179773,0.037473059
0,-0.042536551,-0.011548779,0.079492268,-0.005791265,0.02929726
0,-0.047951099,-0.03395377,0.105258581,0.039223473,0.001536875
0,-0.042482115,-0.001776815,0.075940942,0.04953161,0.005393956
0,-0.014257951,-0.002109137,0.075676491,0.07618435,-0.002733802
0,0.001643948,0.001644812,0.060801023,0.091770328,0.006824809
0,0.009852152,0.018608208,0.034618749,0.092712557,0.0275078
0,0.020760378,0.016509038,0.038508629,0.123338429,0.035075651
0,0.020665345,0.032180429,0.01713984,0.10888368,0.069305759
0,0.024481115,-0.005742048,0.023727938,0.118095075,0.084128372
0,0.017590903,0.013465285,0.011628553,0.084753041,0.130628565
0,0.011226317,0.05536521,0.005226462,0.04744952,0.15308154
0,-0.012829759,0.056095591,0.029043749,0.04997013,0.157995753
0,-0.037051665,0.04577455,0.035559536,0.026131162,0.178373331
0,-0.057279333,0.058604394,0.014614241,0.009348858,0.199625995
0,-0.045328531,0.071655177,-0.005921413,0.008877542,0.20784181
0,-0.030736218,0.072969087,-0.049540894,-0.022108743,0.25053279
0,-0.013181511,0.096310479,-0.044911997,-0.004139585,0.247147518
0,0.006093134,0.101342847,-0.033318315,-0.010375898,0.252013811
0,-0.015280328,0.092411206,-0.002756613,0.0070793,0.206484154
0,-0.023297368,0.098286152,0.007837748,0.002532909,0.176622528
0,-0.047544434,0.058201137,0.053166713,-0.003178643,0.135190758
0,-0.076256082,0.061093653,0.092577769,0.002613717,0.088927354
0,-0.10311478,0.041505441,0.127551459,0.021073684,0.043155009
0,-0.114482615,0.054741536,0.14428411,0.036796309,0.019693055
0,-0.118004903,0.081361707,0.16044909,0.066125874,0.01077664
0,-0.102298024,0.098850687,0.195878981,0.080318406,0.02016086
0,-0.093180837,0.094674921,0.190972823,0.074840051,0.045890217
0,-0.054574875,0.065231331,0.230087416,0.121602742,0.036467901
0,-0.032227012,0.08118032,0.210318956,0.090601176,0.08471216
0,0.007420441,0.045836337,0.253515063,0.102001125,0.089408219
0,0.027264216,0.042407358,0.253495559,0.070861671,0.120432849
0,0.032540775,0.012696766,0.276344706,0.056940775,0.126284478
0,0.021829323,0.012646773,0.301688258,0.023893055,0.151350682
0,-0.004393116,-0.000425505,0.296040708,0.017775742,0.150504599
0,-0.027835202,0.002448585,0.301839676,0.002047651,0.15407142
0,-0.031930428,0.012876104,0.326915723,-0.024378533,0.173325686
0,-0.045842191,0.055500553,0.31564514,-0.06110059,0.205779414
0,-0.036023497,0.034323569,0.36606942,-0.058120401,0.187939066
0,-0.037597269,0.003229543,0.382611051,-0.094967237,0.205827654
0,-0.027705637,-0.01270509,0.454304397,-0.082703146,0.17177215
0,-0.040492961,-0.023383625,0.462081409,-0.057593023,0.130558645
0,-0.070406552,-0.021648622,0.479420721,-0.041690266,0.102586842
0,-0.045703749,-0.027423978,0.500268777,-0.046444355,0.106314606
0,-0.06148164,-0.061659418,0.505686667,-0.009347247,0.090017358
0,-0.017079559,-0.008843344,0.431886406,-0.021291946,0.113205857
0,-0.00753662,-0.043003832,0.420665042,0.042790781,0.108406206
0,0.016078769,0.021085293,0.296553352,0.017894423,0.175355366
0,0.050497296,-0.048610703,0.275343522,0.084551982,0.160491184
0,0.048101894,0.035019781,0.155435405,0.063208963,0.218315329
0,0.077765207,0.069005193,0.081527684,0.067334921,0.274320243
0,0.068963045,0.044896596,0.046073138,0.082579008,0.28001241
0,0.06453662,0.046145563,0.026725716,0.089947202,0.272074534
0,0.066079414,0.073308967,0.014438001,0.0648751,0.289767692
0,0.039321606,0.072253561,-0.012756161,0.026265807,0.292045325
0,0.030128061,0.034039575,0.023283956,0.008459039,0.239642698
0,0.012334202,-0.031789769,0.054388222,-0.032993351,0.199452966
0,-0.012328394,-0.022062993,0.084121146,-0.060959323,0.15714316
0,-0.036266147,-0.061094999,0.122494592,-0.084906382,0.121148582
0,-0.073376912,-0.049801091,0.166675207,-0.109960499,0.104438943
0,-0.098073338,-0.0476091,0.17891321,-0.120098473,0.087415379
0,-0.092020867,-0.04659862,0.196721518,-0.118196016,0.08480737
0,-0.076258254,-0.035469773,0.223035032,-0.13130701,0.099336617
0,-0.032256685,-0.047352425,0.274842579,-0.089343035,0.081636949
0,-0.015166797,-0.042748351,0.295265078,-0.072771089,0.093201187
0,-0.013829073,-0.02284823,0.31690083,-0.072273686,0.114634058
0,-0.000750345,0.014972964,0.316451472,-0.047265105,0.111919951
0,0.004612492,-0.007645601,0.318999931,-0.041658933,0.117123799
0,0.007671158,-0.013901485,0.328677159,-0.066806946,0.142625794
0,0.016897716,-0.0231256,0.328277158,-0.059738096,0.136627542
0,-0.010905148,-0.071639492,0.32508382,-0.079761046,0.143738523
0,-0.034618644,0.032617099,0.292871022,-0.121019803,0.18197285
0,-0.067484514,-0.010959031,0.27400385,-0.096434892,0.165009305
0,-0.067829441,0.010435218,0.25988699,-0.107774157,0.192407059
0,-0.053336655,0.007437501,0.212546049,-0.105853278,0.20647562
0,-0.032119513,-0.003421005,0.175154888,-0.098202875,0.2188168
0,-0.020939251,-0.006734222,0.140116808,-0.08023493,0.225106046
0,-0.011940854,0.03619755,0.138542291,-0.062448016,0.22495174
0,-0.038613317,0.017131649,0.108481879,-0.048464778,0.221706808
0,-0.045926566,0.060742425,0.107494459,-0.023122289,0.207381347
0,-0.063352668,0.029566082,0.120926762,0.021540613,0.178812989
0,-0.053290574,0.052621575,0.129619379,0.02777681,0.179338958
0,-0.050059064,0.039721543,0.154429954,0.059200776,0.169009802
0,-0.049454095,0.08521391,0.130728707,0.064046657,0.178352831
0,-0.046161848,0.083350787,0.146236013,0.075730155,0.179275853
0,-0.044970305,0.07946934,0.154373382,0.092067336,0.16744953
0,-0.007192409,0.039772941,0.202421129,0.09415782,0.155497403
0,0.009750855,0.011667616,0.198282293,0.094979377,0.140260479
0,-0.0238577,0.012842913,0.230860449,0.100643874,0.109836149
0,-0.160342016,0.028839076,0.1522319,0.037120785,0.029924924
0,-0.275034531,0.097992877,0.171681768,-0.017729334,0.036711646
0,-0.236502358,0.181223139,0.137201149,0.044890995,0.004532203
0,-0.248238323,0.112161981,0.181086395,0.03210095,0.062468548
0,-0.204834768,0.086945785,0.201226631,-0.022506052,0.043110032
0,-0.12653818,0.083155564,0.183270979,-0.059205466,0.093491772
0,-0.068063017,0.011974174,0.205416755,-0.008869735,0.091812473
0,-0.085526767,0.009014173,0.139101027,-0.036160233,0.07471578
0,-0.170339163,0.164345977,0.112180833,-0.056877123,0.105961171
0,-0.184899841,0.149510561,0.149766036,-0.035152982,0.131240391
0,-0.170243827,0.106343627,0.136012178,-0.012026215,0.085675661
0,-0.161794933,0.130756529,0.129773872,0.009617293,0.049721364
0,-0.155004729,0.118735476,0.114148147,0.003987478,0.038958937
0,-0.143970531,0.133209834,0.113437361,0.007116485,0.025552795
0,-0.137045663,0.12656585,0.06789695,-0.023922257,0.03463329
0,-0.146913768,0.129764769,0.073746712,-0.007528078,0.016168618
0,-0.184824996,0.166040871,0.060926224,-0.014766293,0.026875105
0,-0.225420484,0.209932226,0.074040712,0.007987276,-0.003864413
0,-0.210321953,0.180155836,0.049470946,0.003169194,-0.018217984
0,-0.129969167,0.103460187,0.044497578,-0.000609959,-0.022122488
0,-0.064930255,0.058051876,0.029339124,-0.004501182,-0.019011251
0,-0.031395123,0.036254986,0.021440376,-0.018562605,-0.019024863
0,-0.035541141,0.068656627,-0.007695357,-0.039916249,-0.006804724
0,-0.047338542,0.055606245,0.005693411,-0.021847275,-0.024408335
0,-0.070922986,0.08528342,0.01417136,-0.010890514,-0.041758218
0,-0.060459844,0.092776676,0.007406211,-0.029227931,-0.040574467
0,-0.029395374,0.078904096,0.008289347,-0.033425571,-0.036934844
0,-0.013126231,0.050111732,0.007754276,-0.034588429,-0.029811579
0,-0.000215851,0.026328114,0.012389109,-0.020034784,-0.03755487
0,0.021458168,0.027364956,-0.00844846,-0.040036592,-0.026626607
0,0.039320097,0.051913002,-0.04307872,-0.087074813,-0.005378355
0,0.048873585,0.037284206,-0.042165181,-0.090208804,-0.017579164
0,0.013767234,0.042678746,-0.040873103,-0.075923074,-0.032642749
0,0.006979724,0.045525729,-0.039372208,-0.077970666,-0.038683257
0,0.023745394,0.081706395,-0.062921243,-0.11167022,-0.028967865
0,0.032595791,0.031907759,-0.037346519,-0.083098062,-0.041651355
0,0.007111927,0.082736534,-0.067282342,-0.111778616,-0.018193486
0,0.003907693,0.092127881,-0.041127367,-0.098811829,-0.038580993
0,0.022737039,0.066752805,-0.062323369,-0.120006477,-0.025221305
0,0.059735923,0.016581744,-0.057154611,-0.102692941,-0.032936297
0,0.07085517,-0.002663267,-0.05095574,-0.090257746,-0.023749322
0,0.093585609,-0.007950107,-0.097630906,-0.107759722,0.01433748
0,0.163504885,-0.141705299,-0.038765828,-0.02067303,-0.016615999
0,0.196813973,-0.13097262,-0.083593317,-0.054326682,0.054143616
0,0.321687245,-0.325358167,-0.076035876,-0.056462434,0.097475236
0,0.646423746,-0.654402347,-0.063725381,-0.048882314,0.077514884
0,1.03203273,-0.92452433,-0.096306932,-0.118756439,0.109088324
0,1.347745149,-1.193155626,-0.118746278,-0.16587712,0.137929975
0,1.621319309,-1.354114936,-0.12933475,-0.247584242,0.203702228
0,1.744434594,-1.5139369,-0.119458199,-0.269257308,0.199359847
0,1.740117725,-1.464044587,-0.14407667,-0.258552847,0.183991167
0,1.418235193,-1.162056351,-0.192995975,-0.1410682,0.114354357
0,0.44067424,-0.495632245,-0.143268565,-0.036420058,0.047529468
0,-0.268238554,0.134185156,-0.175019811,-0.068166164,0.062894267
0,-0.112636421,0.003943859,-0.06039712,-0.013185278,-0.031977721
0,0.321994685,-0.346387569,-0.056579536,-0.020764215,-0.016698085
0,0.200738416,-0.282749287,-0.078333687,0.0121506,0.035902041
0,0.030985839,-0.165387143,-0.102543446,0.035425132,0.073816066
0,0.106437804,-0.219337846,-0.092283661,0.060066871,0.085166045
0,0.189575227,-0.291217643,-0.121029171,0.043284844,0.090332869
0,0.116375001,-0.220157242,-0.128615324,0.006804511,0.075257118
0,0.048830038,-0.132946497,-0.136746449,-0.058960281,0.057003167
0,0.121933776,-0.123921537,-0.137456587,-0.146427696,0.040109899
0,0.136406713,-0.112103806,-0.116334834,-0.221066236,0.005714628
0,0.078059708,0.022584721,-0.123899363,-0.2993771,0.002484563
0,0.076544055,0.022924446,-0.068136346,-0.290851634,-0.037203812
0,0.11668032,0.013816678,-0.048252005,-0.307988074,-0.037991547
0,0.067169705,0.096212867,-0.103737004,-0.363606102,-0.012133462
0,0.025822634,0.080975616,-0.061624975,-0.353950807,-0.024264577
0,0.034120572,0.011508318,-0.049688085,-0.301089516,-0.031859414
0,0.027757797,0.041860541,-0.114628207,-0.344511894,0.017697058
0,0.006435305,0.003476475,-0.095758854,-0.32624386,0.0096708
0,3.45E-05,0.000934465,-0.068769033,-0.280037065,0.002535625
0,0.03588002,-0.045460978,-0.091200221,-0.28590291,0.033083807
0,0.070255088,-0.093376529,-0.048645778,-0.21706267,0.033865657
0,0.037816205,-0.057082595,-0.042492905,-0.193721528,0.051816515
0,0.007894655,-0.046481058,-0.048557291,-0.167964573,0.071768196
0,0.023398564,-0.072545051,-0.033852349,-0.127737434,0.060948683
0,0.026666352,-0.049258488,-0.027772444,-0.078485842,0.069420254
0,-0.025161143,3.46E-05,-0.0299802,-0.0026508,0.095868375
0,-0.082550487,0.010875159,-0.024825216,0.046176928,0.079215389
0,-0.108692331,0.043126648,-0.006415886,0.078024311,0.049697674
0,-0.14458022,0.081995517,0.026362005,0.106556539,0.024625969
0,-0.140002463,0.133486153,0.019284019,0.093255143,0.023312701
0,-0.150901327,0.169866536,0.069176443,0.125523275,-0.021572078
0,-0.197659961,0.247665941,0.092988513,0.130667837,-0.044668174
0,-0.220377975,0.369432445,0.082584167,0.100591776,-0.052745319
0,-0.243675925,0.38623069,0.141523659,0.150633263,-0.108025584
0,-0.280831702,0.473613658,0.161840375,0.171057729,-0.073549914
0,-0.351143086,0.504531363,0.196064541,0.263428246,-0.060226823
0,-0.366626918,0.505406307,0.204630655,0.324002877,-0.03224047
0,-0.341039214,0.449973564,0.267929601,0.386545936,0.010678122
0,-0.414317731,0.504753612,0.256537551,0.461934418,0.006729728
0,-0.442805217,0.396271739,0.196790393,0.399077012,0.03251109
0,-0.230099152,0.217434335,0.168587732,0.217947953,0.188542151
0,-0.072158283,-0.029261202,0.048694564,0.171618485,0.110493031
0,0.01907355,-0.100323674,0.040014372,0.07141687,0.107806685
0,-0.080076432,-0.007652223,0.00847349,0.018816135,0.095722106
0,-0.195200894,0.119605908,0.01897302,-0.022051067,0.073215378
0,-0.257205931,0.185426103,0.037038378,0.033359986,0.012919697
0,-0.429265222,0.334211226,-0.007726521,0.024493871,0.004457586
0,-0.527468919,0.414412841,0.029516438,0.035054112,0.014217445
0,-0.645625963,0.521643911,0.021654994,0.002564944,0.021506061
0,-0.68570243,0.543561198,0.10507178,0.024601124,-0.000160326
0,-0.745743464,0.574206421,0.098557663,0.042560579,-0.024895046
0,-0.764464357,0.64857519,0.056802785,0.017798466,0.025988659
0,-0.736297955,0.560124604,0.057039352,0.046142036,0.011164861
0,-0.601346546,0.427967201,0.032706291,0.044332615,-6.09E-05
0,-0.421308574,0.326627002,-0.046996635,-0.008030777,0.051428155
0,-0.282201203,0.219544888,0.008493392,0.013339574,0.019021545
0,-0.254412192,0.171687657,0.013732429,0.02575472,0.001118396
0,-0.32533365,0.243590895,0.007423922,0.019055716,-0.018707713
0,-0.530267893,0.418168027,-0.001385694,-0.014036141,-0.023544286
0,-0.683696883,0.440593912,0.066436361,0.060027082,-0.076661186
0,-0.852759875,0.521220544,0.038182261,-0.045003046,-0.083722074
0,-0.975829973,0.457292648,0.067875914,-0.1545593,-0.129515629
0,-0.482449974,0.255127323,0.033169287,-0.243065682,-0.112663445
0,0.042760114,0.045972117,0.031121664,-0.156211197,-0.039028048
0,-0.039630542,0.065475586,-0.041228259,-0.133770705,0.044838608
0,-0.179619641,0.092561083,-0.122032718,-0.0938936,0.11284311
0,-0.062137151,0.026324015,-0.116265513,-0.064031575,0.102393901
0,-0.074303335,0.020593306,-0.097625801,-0.057482477,0.098283944
0,-0.085235897,-0.020517546,-0.059882254,-0.036841714,0.074658661
0,-0.087262383,0.018726876,-0.097090247,-0.087275992,0.09797613
0,-0.0936379,0.029136579,-0.092964487,-0.133394924,0.119703831
0,-0.185219048,0.09744266,-0.182486379,-0.217383744,0.171057662
0,-0.109309098,0.032385356,-0.175125673,-0.230127229,0.174101543
0,-0.07036723,0.010377199,-0.223405533,-0.277488807,0.206218044
0,-0.075323218,-0.015824256,-0.235169403,-0.246465048,0.216952445
0,-0.112153998,0.00778813,-0.291502932,-0.330093111,0.240794096
0,-0.103063179,-0.002277681,-0.327952325,-0.397754366,0.260174843
0,-0.044181047,-0.032869741,-0.307540749,-0.422144585,0.272437782
0,0.004456258,-0.027523251,-0.28520602,-0.473110491,0.281882179
0,0.094880447,-0.096188278,-0.1193384,-0.575138504,0.343944046
0,0.174135964,-0.169501886,0.121495213,-0.627277978,0.403807096
0,0.16408847,-0.09867291,0.267447014,-0.721534733,0.515301935
0,0.216234129,-0.086867142,0.45230999,-0.680766732,0.561929853
0,0.225939553,-0.148583916,0.605192116,-0.645102059,0.637397719
0,0.173296647,-0.10349866,0.729900548,-0.830407229,0.857467761
0,0.343954026,-0.221732733,0.931608544,-0.788632293,0.842497961
0,0.379661532,-0.226275063,0.996622919,-0.920614372,0.938194447
0,0.372226093,-0.15220159,1.149025939,-1.05126422,1.052312559
0,0.428580609,-0.212233285,1.334057565,-1.058608178,1.064871977
0,0.307754566,-0.118778836,1.343780541,-1.113709226,1.136102452
0,0.221634584,-0.108334825,1.393764312,-1.050387424,1.136380774
0,0.140651417,-0.057570821,1.26139212,-1.085482628,1.176735929
0,0.147803715,-0.096958592,1.037626595,-0.931234359,1.143005205
0,0.269181453,-0.212026395,1.235691978,-0.904651596,1.23280246
0,0.237941956,-0.339425694,-0.018002619,-0.089274475,0.254094633
0,0.036169919,-0.078764014,-0.087735869,-0.094272761,0.310238854
0,-0.022322901,-0.099344532,-0.194323097,-0.131344271,0.353700012
0,0.087026993,-0.248379352,-0.223026286,-0.219415392,0.338907166
0,0.160430429,-0.279901439,-0.2340311,-0.147106706,0.212504703
0,0.108719289,-0.248981931,-0.191299354,-0.157930594,0.195180941
0,0.00626009,-0.092344835,-0.208549083,-0.149149971,0.202718122
0,-0.022385644,-0.1242789,-0.279822586,-0.115353805,0.213757444
0,0.029270793,-0.160858939,-0.310730057,-0.14616236,0.271280502
0,0.147988237,-0.174789435,-0.229892745,-0.112368772,0.286956471
0,0.171179415,-0.169878944,-0.102223811,-0.014618566,0.211777461
0,0.110436292,-0.092104607,-0.089482632,-0.09431839,0.225802464
0,0.098330829,-0.045290653,-0.06880424,-0.132343699,0.207456625
0,0.10807334,-0.05254547,-0.005110211,-0.100523342,0.136918488
0,0.131413269,0.021381936,0.055057634,-0.098891268,0.079837177
0,0.089326913,0.013016751,0.123177533,-0.030381307,-0.00818218
0,0.053421226,0.060136711,0.120547733,-0.026942105,-0.043646293
0,0.064923125,0.063670653,0.122422383,0.005261345,-0.079930258
0,0.123560813,0.043926762,0.095392553,-0.004362194,-0.078485181
0,0.120144312,-0.015134436,0.143695651,0.036471638,-0.105895734
0,0.098249804,-0.026034881,0.199474681,0.112005201,-0.124859462
0,-0.054252902,0.101395931,0.166286206,0.089172274,-0.099506536
0,-0.106507732,0.154446689,0.215291429,0.123387604,-0.11753384
0,-0.246710489,0.304179511,0.199793926,0.125791894,-0.139090487
0,-0.282091777,0.270812173,0.160094205,0.102151041,-0.129242568
0,-0.360019693,0.32317202,0.145888784,0.083303238,-0.083655986
0,-0.390836231,0.275104383,0.163000259,0.193031379,-0.122951813
0,-0.445961178,0.284041385,0.053833721,0.114068184,-0.017691038
0,-0.449404785,0.259551451,0.073416225,0.131056141,-0.00337868
0,-0.44606054,0.20397255,0.108310362,0.187537357,-0.029254142
0,-0.441553307,0.207626263,0.042242449,0.160197709,-0.009199966
0,-0.379135767,0.14958759,0.052276171,0.11769191,0.040413962
0,-0.328421661,0.078957381,0.034201012,0.147879757,0.02702542
0,-0.250935114,0.047344687,0.048372191,0.168754597,0.015548604
0,-0.268279149,-0.018502715,0.063642325,0.225950308,-0.036246617
0,-0.266857001,0.071790239,0.060529118,0.1589888,-0.021377412
0,-0.170151597,0.028208731,0.064386925,0.150577239,-0.054862798
0,-0.090551115,0.003768747,0.035612611,0.129853527,-0.055463577
0,-0.05709943,0.006715635,0.044842862,0.120014849,-0.064106531
0,-0.085948742,-0.027696216,0.045529115,0.118772849,-0.070816453
0,0.008085605,-0.032893575,0.075043364,0.103109943,-0.069377475
0,0.031011179,0.046708869,-0.085736186,-0.108441699,0.046757376
0,0.070046804,-0.034535862,0.023484693,-0.018026306,0.008108988
0,0.031209048,0.032832994,-0.094153287,-0.154835779,0.084861907
0,0.077144816,-0.03381847,-0.042435262,-0.083748155,0.049450747
0,0.106818282,-0.04817142,-0.019308466,-0.068084225,0.044616019
0,0.188956254,-0.066067379,-0.029586941,-0.063892228,0.023777621
0,0.372419037,-0.181755926,0.022880633,-0.027712167,-0.019054334
0,0.572206213,-0.231102465,-0.014922242,-0.118072745,-0.008326612
0,0.846381673,-0.436986126,0.012338118,-0.134447788,-0.034468645
0,1.046909993,-0.479912441,-0.092039194,-0.296308885,-0.038948433
0,1.204123994,-0.522672884,-0.157675759,-0.391091755,-0.016483817
0,1.336154319,-0.588447821,-0.12678287,-0.362202581,-0.033365881
0,1.315629223,-0.631358863,-0.162607922,-0.347870447,-0.040095536
0,1.274088815,-0.650746646,-0.042446214,-0.222012394,-0.078267664
0,0.988316239,-0.523116658,-0.193819155,-0.395539616,0.007560154
0,0.86065636,-0.572623393,0.018488825,-0.195976403,-0.132885563
0,0.387941471,-0.259198773,-0.044183565,-0.345851721,-0.143269663
0,0.180148111,-0.115930686,0.005910533,-0.357205558,-0.190323627
0,0.304240642,-0.144120504,0.035199013,-0.283857769,-0.151213956
0,0.151977781,-0.121674075,-0.039157888,-0.163924056,-0.014712155
0,0.096015323,-0.169560587,-0.040417106,-0.076530494,0.076109952
0,0.119696298,-0.249785146,0.071230877,0.085123655,0.075932783
0,0.03011998,-0.174078582,0.003927829,0.05269914,0.183090373
0,0.043688338,-0.274011056,0.099600119,0.185421479,0.170997622
0,-0.009173427,-0.276704316,0.046339138,0.212635834,0.226645305
0,0.034581493,-0.414951555,0.128427763,0.366982964,0.163312364
0,-0.023441172,-0.347883127,-0.029580182,0.235966016,0.147988261
0,0.003495727,-0.340775945,-0.00803375,0.286255983,0.065793451
0,-0.036585183,-0.195551929,-0.024338343,0.185829395,0.041867309
0,-0.054266612,-0.084081012,0.011553808,0.175967587,0.006783575
0,0.044341357,-0.168011342,0.103457854,0.234593849,-0.090541212
0,0.000610773,-0.028613241,0.001287217,0.085072954,-0.016702339
0,0.009982665,0.017455009,-0.012959225,0.004584512,-0.003328184
0,0.025735571,0.056033696,-0.012478227,-0.042291611,0.003855455
0,0.036204045,0.102622836,-0.004974161,-0.103239246,-0.003587416
0,0.044899238,0.156705683,-0.023982067,-0.176481281,-0.008133107
0,0.056357893,0.07963927,0.042185779,-0.104465031,-0.063620913
0,0.047065646,0.195742832,0.029204209,-0.150780137,-0.038422778
0,0.010227056,0.180784788,0.012441736,-0.16862332,-0.029440323
0,-0.012841847,0.163869278,-0.072036673,-0.21361443,-0.016184504
0,0.016540118,0.118372329,0.049531769,-0.081375785,-0.075851244
0,-0.01095647,0.113883558,0.030787452,-0.111462961,-0.05836685
0,-0.08950056,0.174010539,0.032514578,-0.092541204,-0.043520737
0,-0.203487258,0.250856552,0.013023261,-0.089524298,-0.053490756
0,-0.250576215,0.263507292,0.004761376,-0.0804477,-0.033061052
0,-0.224485941,0.184168251,-0.004139013,-0.046503085,-0.026971357
0,-0.204729457,0.12693951,0.044543113,0.049452434,-0.052638123
0,-0.161806247,0.061618185,0.058416211,0.043869539,-0.032583472
0,-0.309689361,0.158489534,0.083752402,0.113994722,-0.044450511
0,-0.403132141,0.26121395,-0.044001525,-0.011849405,0.030801423
0,-0.33684057,0.227633293,0.008132739,0.043588567,0.004464651
0,-0.271859969,0.144329398,0.057995465,0.101363722,0.0079573
0,-0.242304535,0.08638351,0.033077194,0.095614308,0.0322836
0,-0.307986447,0.183857754,-0.024778012,0.052230024,0.071697913
0,-0.418756661,0.244034183,-0.043519469,0.055830685,0.029962444
0,-0.370209341,0.202927868,0.10534615,0.132910666,-0.038815314
0,-0.422491526,0.313493602,-0.050166563,-0.000528859,0.045676324
0,-0.359739513,0.248676992,0.055298739,0.076079912,-0.006431892
0,-0.415006992,0.28858956,0.026356741,0.05115353,-0.017166972
0,-0.559444662,0.433198358,0.003682486,0.001466338,-0.013338315
0,-0.659348567,0.455181042,0.088195823,0.078141895,-0.085670518
0,-0.677128289,0.579409243,0.067181985,0.02465392,-0.08941916
0,-0.424873228,0.327682649,0.084053751,0.036248966,-0.117368468
0,-0.187366111,0.216552416,-0.028937275,-0.063065941,-0.023758667
0,-0.029977311,0.032657765,-0.011718202,-0.019523175,-0.009673649
0,0.004514454,0.005357577,0.037274845,0.018882641,-0.021979792
0,-0.055923857,0.047955641,0.043395208,0.032193476,-0.054090468
0,-0.109938234,0.140168061,0.008955577,-0.002945311,-0.059564322
0,-0.069859352,0.101869368,0.022782674,0.003345564,-0.075274918
0,-0.050879699,0.07249402,0.056241099,0.043640215,-0.101991772
0,-0.14111589,0.170250659,-0.021361459,-0.031329414,-0.046367948
0,-0.164446564,0.146332765,0.013674523,0.037889179,-0.070860903
0,-0.12664108,0.095833377,0.04331479,0.055643139,-0.049045149
0,-0.127697815,0.033549767,0.076749405,0.125490813,-0.059508621
0,-0.187923661,0.105233646,-0.003003274,0.042497303,0.009818925
0,-0.165153673,0.02177307,0.103909495,0.16023468,-0.034577734
0,-0.240011018,0.062749534,0.062758384,0.161956326,-0.027970319
0,-0.244085914,0.071570528,0.007905491,0.125045241,0.014213916
0,-0.190411547,-0.028128706,0.055814071,0.200579041,-0.013966577
0,-0.210413657,0.020213,0.046650973,0.161471525,0.005740615
0,-0.246389572,0.00536227,0.096979286,0.206102674,-0.039514283
0,-0.321735858,0.115651638,-0.012751149,0.09285198,0.003478137
0,-0.246684307,0.068317255,0.08026467,0.163096147,-0.045202651
0,-0.174287992,0.029967486,0.027550007,0.112010937,-0.016347205
0,-0.085144614,-0.06968248,0.086124828,0.173683572,-0.048047822
0,-0.076733676,-0.023566455,0.043571866,0.10234889,-0.018097837
0,-0.048013741,-0.035742095,0.024766061,0.079302422,-0.015048672
0,-0.00299111,-0.074729967,0.053451466,0.111810229,-0.037071164
0,0.062235987,-0.02973365,0.004743141,0.033583827,-0.00672229
0,0.337985867,-0.212090637,0.072611261,0.067303903,-0.052020843
0,0.59876124,-0.392946371,0.041631393,0.031901435,-0.034885378
0,0.852528054,-0.423275064,-0.04758727,-0.126993828,0.014509543
0,1.237940875,-0.675210486,-0.068090245,-0.289952777,-0.066426316
0,1.469368309,-0.662158359,-0.166576874,-0.522942974,-0.068266927
0,1.624068989,-0.692685332,-0.244750337,-0.576833485,-0.021174845
0,1.690627942,-0.752477523,-0.166076435,-0.577600017,0.066415971
0,1.413349898,-0.620677145,-0.169130508,-0.508985783,0.121184149
0,0.773550595,-0.226968385,-0.214932737,-0.4853762,0.133872485
0,0.309021156,0.033793295,-0.128809105,-0.423904002,0.051457751
0,0.252070258,-0.008770688,0.054603999,-0.263740721,-0.120572564
0,0.103762656,0.09073256,-0.169468471,-0.383412652,-0.086048177
0,0.032324506,0.025841433,-0.113840398,-0.175017133,-0.188787408
0,0.059615614,-0.055766102,-0.066298718,-0.11019736,-0.175960411
0,0.033639689,-0.088421142,-0.049002958,-0.065880584,-0.117288516
0,0.012326756,-0.07986667,-0.069049279,-0.025886225,-0.023022537
0,-0.036909463,-0.085552428,-0.081059095,0.013142182,0.089464195
0,0.031309362,-0.135160456,-0.068622219,0.018444754,0.123060871
0,0.101107324,-0.205853393,-0.013586331,0.094543131,0.139325711
0,0.074137439,-0.187356916,-0.041841893,0.083839507,0.128964844
0,0.011791943,-0.097877663,-0.068719294,0.042908105,0.102200463
0,-0.009009985,-0.041729956,-0.01132327,0.085991593,0.031556712
0,0.015938034,-0.064950838,0.022715752,0.088797674,0.004948872
0,-0.000840795,-0.025360524,0.015580163,0.089951113,0.002122251
0,-0.006185893,-0.032040982,0.052617484,0.098485258,-0.011906538
0,-0.022194354,-0.023143267,0.044664394,0.07635412,-0.01430501
0,-0.065818872,0.02868339,0.052232734,0.071076328,-0.017075761
0,-0.089487382,0.059221343,0.054518922,0.099358933,-0.014063513
0,-0.074817474,-0.019347688,0.049062626,0.121175292,0.023077837
0,-0.05327016,-0.029353913,0.063590248,0.171437803,0.035521834
0,-0.054134518,-0.056656208,0.036963264,0.139324574,0.032820985
0,-0.026004775,-0.044868918,0.006781491,0.04892614,0.017453411
0,-0.030758617,-0.010831759,-0.040976862,0.0069208,0.029259723
0,-0.033695372,-0.013972281,-0.007560499,0.028035051,0.004970309
0,-0.034120342,0.033896445,0.01870654,0.025820914,0.000662124
0,-0.05015077,0.064611171,0.033640993,0.023440256,-0.023871218
0,-0.04914454,0.072314203,0.039896767,0.009791216,-0.031622044
0,-0.051308199,0.113045528,0.053624127,0.01577654,-0.062053985
0,-0.135832042,0.278588377,0.002522464,-0.102092522,-0.014883167
0,-0.303251634,0.36113328,0.03820016,-0.055122229,-0.100033058
0,-0.320093685,0.416378037,0.088895541,-0.048487794,-0.134666529
0,-0.225289748,0.350166932,0.112363128,-0.057433341,-0.134982826
0,-0.386718289,0.468783511,0.07003298,-0.069732887,-0.104091238
0,-0.318000113,0.411234537,-0.026526756,-0.113532444,-0.055865752
0,-0.288173177,0.299308205,0.058042597,-0.026831815,-0.07141162
0,-0.380894503,0.277958353,0.016552554,-0.03517222,-0.059510549
0,-0.37960847,0.269826151,0.068261149,0.063458083,-0.050433618
0,-0.569381386,0.332190794,0.046677116,0.100583682,-0.029363311
0,-0.697475146,0.417582343,-0.010951105,0.077577221,0.007731356
0,-0.772474315,0.453008235,0.06833372,0.134665321,-0.008672818
0,-0.902012971,0.595630237,-0.039461551,0.048775727,0.048615494
0,-0.967837434,0.471286353,0.019349911,0.138503558,-0.024036263
0,-0.926588225,0.526314448,0.019418755,0.134968063,-0.012302475
0,-0.830751685,0.527329211,-0.047592656,0.003206294,0.066732032
0,-0.678825632,0.278892491,0.002247594,0.09693385,0.052282082
0,-0.588753805,0.217407409,-0.053425709,0.033352772,0.157598447
0,-0.507369452,0.061781118,-0.023813113,0.088343204,0.159975066
0,-0.396390394,0.066030762,-0.049163598,0.020152101,0.211379283
0,-0.314547927,0.035927804,-0.077530008,-0.025952217,0.199851569
0,-0.334781874,-0.015775722,-0.0580995,0.03739811,0.140473951
0,-0.203216452,-0.004760235,-0.001905958,0.045922028,0.096274687
0,-0.226766279,0.027450834,0.01299124,0.056203463,0.076251627
0,-0.194848414,0.053817127,-0.028609151,-0.003975653,0.073033413
0,-0.124043393,0.031025029,0.027973461,0.040763933,0.012180278
0,-0.105462955,0.002200606,0.017411284,0.041959382,-0.001342571
0,-0.048951368,0.013120029,0.030956409,0.012338263,0.002199789
0,-0.021259088,0.02305231,0.017593205,-0.005078012,-0.013680091
0,0.010520769,0.044051078,-0.090725605,-0.127204064,0.029074014
0,0.071023791,0.025176756,-0.003662089,-0.059930497,-0.013655921
0,0.06704815,-0.008662022,0.001984289,-0.043298837,-0.011834111
0,0.100796035,-0.016008906,-0.029153834,-0.077833092,-0.021852074
0,0.109199807,0.034209084,-0.079821766,-0.139805524,-0.015782417
0,0.128122753,-0.001347917,0.02053072,-0.029211883,-0.072462224
0,0.198616161,0.038046413,-0.032385016,-0.093632199,-0.051031247
0,0.208522356,0.053639078,-0.054054413,-0.125141857,-0.03828249
0,0.176265087,-0.017561387,-0.05613931,-0.086680189,-0.028565332
0,0.343207259,-0.078844546,-0.02846154,-0.050400091,-0.075339462
0,0.489499012,-0.15567795,-0.061797039,-0.073324789,-0.083061832
0,0.603379103,-0.210580779,0.052212332,0.001265259,-0.150202818
0,0.810099264,-0.268004636,0.008746504,-0.096952854,-0.146377844
0,0.950065048,-0.357766625,-0.083420404,-0.179612555,-0.131116931
0,1.057840962,-0.415645413,-0.0176949,-0.134086594,-0.129718719
0,1.144534671,-0.465098817,0.009299988,-0.136478017,-0.103489231
0,1.14643501,-0.521737389,-0.013589073,-0.135509204,-0.136922833
0,1.197221403,-0.456849441,-0.135143517,-0.319019526,-0.102132813
0,0.967938645,-0.41555967,-0.167938171,-0.294106164,-0.136835644
0,0.895798546,-0.322038285,-0.176906409,-0.427366282,-0.15973663
0,0.641181149,-0.231658966,-0.083257897,-0.447269361,-0.264718382
0,0.308023995,0.072567846,-0.147194644,-0.470461681,-0.239295461
0,0.224928066,0.084887591,-0.127325793,-0.387880287,-0.208049914
0,0.256935632,-0.122189997,-0.094809592,-0.306673439,-0.104356188
0,0.262591048,-0.197574436,-0.118254109,-0.246037986,-0.012678837
0,0.132422255,-0.143290466,-0.062341321,-0.123571382,0.019571859
0,0.052000099,-0.08896295,-0.09917669,-0.103946608,0.067999641
0,0.072102519,-0.116690651,-0.080313931,-0.032061283,0.091914381
0,0.163906496,-0.240459518,0.007547831,0.118739966,0.081876884
0,0.071106036,-0.188300579,-0.069942134,0.072620331,0.116727419
0,0.040185909,-0.130801639,-0.073698389,0.056600262,0.124491534
0,0.002326967,-0.096673778,-0.048934429,0.069867416,0.105186784
0,0.024899758,-0.139392309,0.077207682,0.181191577,0.035266031
0,-0.028137624,-0.132123127,-0.011828544,0.139333053,0.052688449
0,-0.025282671,-0.078236399,-0.05678197,0.074444838,0.104846306
0,-0.048681092,-0.087235251,0.088637755,0.212998607,0.026945433
0,-0.120594531,0.002699619,0.055883322,0.195667768,0.040442739
0,-0.113457126,-0.016511385,0.087668576,0.187260706,0.017408853
0,-0.117472495,0.019454022,0.110171537,0.195746403,0.012905437
0,-0.137592678,0.028453589,0.087475094,0.175775288,0.015474453
0,-0.146373991,0.060256609,0.081304234,0.165026962,0.02500099
0,-0.177077291,0.136443006,0.119461517,0.179728154,0.007404031
0,-0.335499976,0.277031369,0.193368422,0.245261991,-0.06350824
0,-0.469846841,0.464774283,0.282293253,0.267138392,-0.112107542
0,-0.413896157,0.517726856,0.326083431,0.261003534,-0.151850659
0,-0.450611215,0.540123022,0.23243217,0.188744005,-0.116159452
0,-0.275995396,0.228235406,0.209519828,0.141020143,-0.165357446
0,-0.338450779,0.257473974,0.051670643,0.025002675,-0.07791157
0,-0.354207348,0.316301741,-0.013512188,-0.082448359,-0.042654845
0,-0.520533618,0.375584711,0.018920002,-0.019248785,-0.078151709
0,-0.678395282,0.505904288,0.033694032,-0.014543597,-0.064516857
0,-0.828992694,0.665855897,-0.005609483,-0.096197093,-0.012807163
0,-0.814993433,0.509709463,0.008432974,-0.034924432,-0.040093611
0,-0.779980897,0.396356627,0.108658336,0.101168077,-0.10217231
0,-0.915609214,0.595205298,-0.118281494,-0.12430206,0.023183691
0,-0.795275794,0.409406715,0.094702527,0.097936669,-0.075202484
0,-0.94669163,0.468493834,-0.10063817,-0.069202151,0.069369729
0,-0.829982196,0.308366557,0.063982836,0.089529538,0.093251679
0,-0.636907926,0.212358513,0.066185601,0.076623528,0.133976058
0,-0.685908891,0.308176027,0.060128759,0.070697213,0.00617101
