Time,Hex Data,fxBias,fyBias,fxBias,txBias,tyBias,tzBias
686367.357276,0,    65,    54,   136,   -82,   -17,   -33,0.0,0.0,0.0,0.0,0.0,0.0
686367.3573998,0,    65,    55,   125,   -82,   -20,   -30,26.829570314112356,22.28918149172411,56.13571634952739,-0.738938451833829,-0.15319455708750113,-0.2973776696404434
686367.3881889,0,    65,    54,   125,   -82,   -20,   -30,26.829570314112356,22.701944111941224,51.59532752713915,-0.738938451833829,-0.18022889069117778,-0.2703433360367667
686367.388252,0,    65,    56,   127,   -81,   -19,   -30,26.829570314112356,22.28918149172411,51.59532752713915,-0.738938451833829,-0.18022889069117778,-0.2703433360367667
686367.4192621,0,    65,    56,   128,   -82,   -19,   -30,26.829570314112356,23.114706732158336,52.42085276757337,-0.7299270072992701,-0.1712174461566189,-0.2703433360367667
686367.4193867,0,    64,    55,   128,   -82,   -19,   -31,26.829570314112356,23.114706732158336,52.83361538779049,-0.738938451833829,-0.1712174461566189,-0.2703433360367667
686367.4194269,0,    65,    54,   127,   -82,   -19,   -31,26.416807693895244,22.701944111941224,52.83361538779049,-0.738938451833829,-0.1712174461566189,-0.27935478057132557
686367.4500844,0,    65,    55,   128,   -82,   -19,   -30,26.829570314112356,22.28918149172411,52.42085276757337,-0.738938451833829,-0.1712174461566189,-0.27935478057132557
686367.4501611,0,    65,    55,   128,   -82,   -19,   -31,26.829570314112356,22.701944111941224,52.83361538779049,-0.738938451833829,-0.1712174461566189,-0.2703433360367667
686367.4501824,0,    65,    54,   127,   -82,   -18,   -32,26.829570314112356,22.701944111941224,52.83361538779049,-0.738938451833829,-0.1712174461566189,-0.27935478057132557
686367.482067,0,    65,    54,   128,   -82,   -19,   -31,26.829570314112356,22.28918149172411,52.42085276757337,-0.738938451833829,-0.16220600162206003,-0.2883662251058845
686367.482137,0,    65,    55,   127,   -81,   -20,   -30,26.829570314112356,22.28918149172411,52.83361538779049,-0.738938451833829,-0.1712174461566189,-0.27935478057132557
686367.4981429,0,    65,    56,   128,   -82,   -19,   -30,26.829570314112356,22.701944111941224,52.42085276757337,-0.7299270072992701,-0.18022889069117778,-0.2703433360367667
686367.498245,0,    64,    55,   127,   -82,   -18,   -31,26.829570314112356,23.114706732158336,52.83361538779049,-0.738938451833829,-0.1712174461566189,-0.2703433360367667
686367.5292819,0,    65,    54,   128,   -82,   -19,   -31,26.416807693895244,22.701944111941224,52.42085276757337,-0.738938451833829,-0.16220600162206003,-0.27935478057132557
686367.5293868,0,    65,    55,   128,   -81,   -19,   -30,26.829570314112356,22.28918149172411,52.83361538779049,-0.738938451833829,-0.1712174461566189,-0.27935478057132557
686367.5602443,0,    65,    56,   128,   -82,   -19,   -30,26.829570314112356,22.701944111941224,52.83361538779049,-0.7299270072992701,-0.1712174461566189,-0.2703433360367667
686367.5603712,0,    65,    54,   128,   -82,   -19,   -31,26.829570314112356,23.114706732158336,52.83361538779049,-0.738938451833829,-0.1712174461566189,-0.2703433360367667
686367.5604114,0,    65,    54,   127,   -82,   -18,   -31,26.829570314112356,22.28918149172411,52.83361538779049,-0.738938451833829,-0.1712174461566189,-0.27935478057132557
686367.5923266,0,    65,    55,   128,   -81,   -19,   -30,26.829570314112356,22.28918149172411,52.42085276757337,-0.738938451833829,-0.16220600162206003,-0.27935478057132557
686367.5925338,0,    64,    55,   128,   -82,   -19,   -31,26.829570314112356,22.701944111941224,52.83361538779049,-0.7299270072992701,-0.1712174461566189,-0.2703433360367667
686367.592587,0,    65,    55,   127,   -82,   -18,   -31,26.416807693895244,22.701944111941224,52.83361538779049,-0.738938451833829,-0.1712174461566189,-0.27935478057132557
686367.6080329,0,    64,    55,   128,   -82,   -19,   -31,26.829570314112356,22.701944111941224,52.42085276757337,-0.738938451833829,-0.16220600162206003,-0.27935478057132557
686367.6390424,0,    65,    55,   128,   -82,   -20,   -30,26.416807693895244,22.701944111941224,52.83361538779049,-0.738938451833829,-0.1712174461566189,-0.27935478057132557
686367.6391377,0,    65,    55,   128,   -82,   -19,   -30,26.829570314112356,22.701944111941224,52.83361538779049,-0.738938451833829,-0.18022889069117778,-0.2703433360367667
686367.6391501,0,    65,    55,   128,   -82,   -19,   -31,26.829570314112356,22.701944111941224,52.83361538779049,-0.738938451833829,-0.1712174461566189,-0.2703433360367667
686367.6699959,0,    65,    54,   128,   -82,   -19,   -31,26.829570314112356,22.701944111941224,52.83361538779049,-0.738938451833829,-0.1712174461566189,-0.27935478057132557
686367.6701681,0,    65,    56,   128,   -81,   -19,   -30,26.829570314112356,22.28918149172411,52.83361538779049,-0.738938451833829,-0.1712174461566189,-0.27935478057132557
686367.7010583,0,    65,    55,   128,   -81,   -19,   -30,26.829570314112356,23.114706732158336,52.83361538779049,-0.7299270072992701,-0.1712174461566189,-0.2703433360367667
686367.7011654,0,    64,    55,   128,   -82,   -19,   -31,26.829570314112356,22.701944111941224,52.83361538779049,-0.7299270072992701,-0.1712174461566189,-0.2703433360367667
686367.7011975,0,    65,    55,   127,   -82,   -18,   -31,26.416807693895244,22.701944111941224,52.83361538779049,-0.738938451833829,-0.1712174461566189,-0.27935478057132557
686367.7329448,0,    64,    55,   128,   -82,   -19,   -31,26.829570314112356,22.701944111941224,52.42085276757337,-0.738938451833829,-0.16220600162206003,-0.27935478057132557
686367.7330125,0,    64,    55,   128,   -82,   -19,   -31,26.416807693895244,22.701944111941224,52.83361538779049,-0.738938451833829,-0.1712174461566189,-0.27935478057132557
686367.7330381,0,    64,    55,   127,   -82,   -18,   -31,26.416807693895244,22.701944111941224,52.83361538779049,-0.738938451833829,-0.1712174461566189,-0.27935478057132557
686367.7487697,0,    65,    55,   128,   -82,   -19,   -31,26.416807693895244,22.701944111941224,52.42085276757337,-0.738938451833829,-0.16220600162206003,-0.27935478057132557
686367.7808576,0,    65,    55,   128,   -82,   -20,   -30,26.829570314112356,22.701944111941224,52.83361538779049,-0.738938451833829,-0.1712174461566189,-0.27935478057132557
686367.7809231,0,    65,    56,   128,   -81,   -19,   -30,26.829570314112356,22.701944111941224,52.83361538779049,-0.738938451833829,-0.18022889069117778,-0.2703433360367667
686367.7809349,0,    64,    55,   128,   -82,   -19,   -31,26.829570314112356,23.114706732158336,52.83361538779049,-0.7299270072992701,-0.1712174461566189,-0.2703433360367667
686367.7968347,0,    64,    55,   127,   -81,   -18,   -31,26.416807693895244,22.701944111941224,52.83361538779049,-0.738938451833829,-0.1712174461566189,-0.27935478057132557
686367.8278783,0,    65,    55,   128,   -81,   -19,   -30,26.416807693895244,22.701944111941224,52.42085276757337,-0.7299270072992701,-0.16220600162206003,-0.27935478057132557
686367.8279364,0,    65,    56,   128,   -82,   -20,   -30,26.829570314112356,22.701944111941224,52.83361538779049,-0.7299270072992701,-0.1712174461566189,-0.2703433360367667
686367.8279483,0,    64,    55,   128,   -82,   -19,   -31,26.829570314112356,23.114706732158336,52.83361538779049,-0.738938451833829,-0.18022889069117778,-0.2703433360367667
686367.8588022,0,    65,    55,   127,   -82,   -18,   -31,26.416807693895244,22.701944111941224,52.83361538779049,-0.738938451833829,-0.1712174461566189,-0.27935478057132557
686367.8589345,0,    65,    55,   128,   -82,   -19,   -31,26.829570314112356,22.701944111941224,52.42085276757337,-0.738938451833829,-0.16220600162206003,-0.27935478057132557
686367.8897944,0,    65,    55,   128,   -82,   -19,   -30,26.829570314112356,22.701944111941224,52.83361538779049,-0.738938451833829,-0.1712174461566189,-0.27935478057132557
686367.8899491,0,    64,    55,   127,   -81,   -18,   -31,26.829570314112356,22.701944111941224,52.83361538779049,-0.738938451833829,-0.1712174461566189,-0.2703433360367667
686367.889987,0,    65,    54,   128,   -81,   -19,   -31,26.416807693895244,22.701944111941224,52.42085276757337,-0.7299270072992701,-0.16220600162206003,-0.27935478057132557
686367.9206988,0,    65,    55,   126,   -82,   -19,   -30,26.829570314112356,22.28918149172411,52.83361538779049,-0.7299270072992701,-0.1712174461566189,-0.27935478057132557
686367.9208468,0,    65,    56,   128,   -82,   -20,   -30,26.829570314112356,22.701944111941224,52.008090147356256,-0.738938451833829,-0.1712174461566189,-0.2703433360367667
686367.9209401,0,    64,    55,   128,   -82,   -19,   -31,26.829570314112356,23.114706732158336,52.83361538779049,-0.738938451833829,-0.18022889069117778,-0.2703433360367667
686367.9367515,0,    65,    55,   128,   -81,   -19,   -31,26.416807693895244,22.701944111941224,52.83361538779049,-0.738938451833829,-0.1712174461566189,-0.27935478057132557
686367.9678188,0,    65,    55,   128,   -82,   -20,   -30,26.829570314112356,22.701944111941224,52.83361538779049,-0.7299270072992701,-0.1712174461566189,-0.27935478057132557
686367.9680072,0,    65,    55,   128,   -81,   -19,   -30,26.829570314112356,22.701944111941224,52.83361538779049,-0.738938451833829,-0.18022889069117778,-0.2703433360367667
686367.9680773,0,    64,    55,   128,   -82,   -19,   -31,26.829570314112356,22.701944111941224,52.83361538779049,-0.7299270072992701,-0.1712174461566189,-0.2703433360367667
686367.9987352,0,    65,    55,   127,   -82,   -18,   -31,26.416807693895244,22.701944111941224,52.83361538779049,-0.738938451833829,-0.1712174461566189,-0.27935478057132557
686367.9988379,0,    64,    55,   128,   -82,   -19,   -31,26.829570314112356,22.701944111941224,52.42085276757337,-0.738938451833829,-0.16220600162206003,-0.27935478057132557
686368.0295401,0,    65,    55,   128,   -81,   -19,   -30,26.416807693895244,22.701944111941224,52.83361538779049,-0.738938451833829,-0.1712174461566189,-0.27935478057132557
686368.029643,0,    65,    55,   128,   -82,   -19,   -30,26.829570314112356,22.701944111941224,52.83361538779049,-0.7299270072992701,-0.1712174461566189,-0.2703433360367667
686368.0296758,0,    64,    55,   128,   -82,   -19,   -31,26.829570314112356,22.701944111941224,52.83361538779049,-0.738938451833829,-0.1712174461566189,-0.2703433360367667
686368.0615582,0,    65,    55,   128,   -81,   -19,   -30,26.416807693895244,22.701944111941224,52.83361538779049,-0.738938451833829,-0.1712174461566189,-0.27935478057132557
686368.0616434,0,    65,    55,   128,   -82,   -19,   -30,26.829570314112356,22.701944111941224,52.83361538779049,-0.7299270072992701,-0.1712174461566189,-0.2703433360367667
686368.0616701,0,    64,    55,   128,   -82,   -19,   -31,26.829570314112356,22.701944111941224,52.83361538779049,-0.738938451833829,-0.1712174461566189,-0.2703433360367667
686368.0776348,0,    65,    54,   128,   -82,   -19,   -31,26.416807693895244,22.701944111941224,52.83361538779049,-0.738938451833829,-0.1712174461566189,-0.27935478057132557
686368.1087176,0,    64,    55,   127,   -81,   -18,   -31,26.829570314112356,22.28918149172411,52.83361538779049,-0.738938451833829,-0.1712174461566189,-0.27935478057132557
686368.1088901,0,    65,    55,   128,   -81,   -19,   -30,26.416807693895244,22.701944111941224,52.42085276757337,-0.7299270072992701,-0.16220600162206003,-0.27935478057132557
686368.10897,0,    65,    55,   128,   -82,   -19,   -31,26.829570314112356,22.701944111941224,52.83361538779049,-0.7299270072992701,-0.1712174461566189,-0.2703433360367667
686368.1396997,0,    64,    55,   127,   -82,   -18,   -31,26.829570314112356,22.701944111941224,52.83361538779049,-0.738938451833829,-0.1712174461566189,-0.27935478057132557
686368.1398243,0,    64,    54,   128,   -82,   -19,   -31,26.416807693895244,22.701944111941224,52.42085276757337,-0.738938451833829,-0.16220600162206003,-0.27935478057132557
686368.1555252,0,    65,    56,   128,   -82,   -19,   -30,26.416807693895244,22.28918149172411,52.83361538779049,-0.738938451833829,-0.1712174461566189,-0.27935478057132557
686368.1557247,0,    65,    55,   128,   -82,   -19,   -30,26.829570314112356,23.114706732158336,52.83361538779049,-0.738938451833829,-0.1712174461566189,-0.2703433360367667
686368.1864431,0,    64,    55,   128,   -82,   -19,   -31,26.829570314112356,22.701944111941224,52.83361538779049,-0.738938451833829,-0.1712174461566189,-0.2703433360367667
686368.18661,0,    65,    55,   128,   -81,   -18,   -30,26.416807693895244,22.701944111941224,52.83361538779049,-0.738938451833829,-0.1712174461566189,-0.27935478057132557
686368.2174687,0,    65,    55,   128,   -81,   -19,   -30,26.829570314112356,22.701944111941224,52.83361538779049,-0.7299270072992701,-0.16220600162206003,-0.2703433360367667
686368.2175973,0,    64,    55,   128,   -82,   -19,   -31,26.829570314112356,22.701944111941224,52.83361538779049,-0.7299270072992701,-0.1712174461566189,-0.2703433360367667
686368.2176486,0,    65,    54,   127,   -82,   -18,   -32,26.416807693895244,22.701944111941224,52.83361538779049,-0.738938451833829,-0.1712174461566189,-0.27935478057132557
686368.2483594,0,    64,    55,   128,   -82,   -19,   -31,26.829570314112356,22.28918149172411,52.42085276757337,-0.738938451833829,-0.16220600162206003,-0.2883662251058845
686368.2484763,0,    65,    55,   128,   -82,   -20,   -30,26.416807693895244,22.701944111941224,52.83361538779049,-0.738938451833829,-0.1712174461566189,-0.27935478057132557
686368.2485284,0,    64,    55,   128,   -82,   -19,   -31,26.829570314112356,22.701944111941224,52.83361538779049,-0.738938451833829,-0.18022889069117778,-0.2703433360367667
686368.2794322,0,    64,    55,   127,   -82,   -18,   -31,26.416807693895244,22.701944111941224,52.83361538779049,-0.738938451833829,-0.1712174461566189,-0.27935478057132557
686368.2795105,0,    65,    55,   128,   -82,   -19,   -31,26.416807693895244,22.701944111941224,52.42085276757337,-0.738938451833829,-0.16220600162206003,-0.27935478057132557
686368.3103251,0,    65,    56,   128,   -81,   -19,   -30,26.829570314112356,22.701944111941224,52.83361538779049,-0.738938451833829,-0.1712174461566189,-0.27935478057132557
686368.3104829,0,    65,    55,   128,   -81,   -19,   -29,26.829570314112356,23.114706732158336,52.83361538779049,-0.7299270072992701,-0.1712174461566189,-0.2703433360367667
686368.3105372,0,    65,    55,   128,   -81,   -19,   -31,26.829570314112356,22.701944111941224,52.83361538779049,-0.7299270072992701,-0.1712174461566189,-0.2613318915022078
686368.3262561,0,    65,    55,   128,   -81,   -19,   -31,26.829570314112356,22.701944111941224,52.83361538779049,-0.7299270072992701,-0.1712174461566189,-0.27935478057132557
686368.3571658,0,    65,    55,   128,   -81,   -19,   -30,26.829570314112356,22.701944111941224,52.83361538779049,-0.7299270072992701,-0.1712174461566189,-0.27935478057132557
686368.3572566,0,    64,    55,   128,   -82,   -19,   -31,26.829570314112356,22.701944111941224,52.83361538779049,-0.7299270072992701,-0.1712174461566189,-0.2703433360367667
686368.3572852,0,    64,    55,   127,   -82,   -18,   -31,26.416807693895244,22.701944111941224,52.83361538779049,-0.738938451833829,-0.1712174461566189,-0.27935478057132557
686368.3883535,0,    65,    55,   128,   -82,   -19,   -31,26.416807693895244,22.701944111941224,52.42085276757337,-0.738938451833829,-0.16220600162206003,-0.27935478057132557
686368.3884441,0,    65,    54,   128,   -82,   -20,   -29,26.829570314112356,22.701944111941224,52.83361538779049,-0.738938451833829,-0.1712174461566189,-0.27935478057132557
686368.3884734,0,    65,    56,   128,   -82,   -19,   -30,26.829570314112356,22.28918149172411,52.83361538779049,-0.738938451833829,-0.18022889069117778,-0.2613318915022078
686368.4192542,0,    65,    55,   128,   -81,   -19,   -31,26.829570314112356,23.114706732158336,52.83361538779049,-0.738938451833829,-0.1712174461566189,-0.2703433360367667
686368.4193672,0,    65,    55,   128,   -81,   -19,   -31,26.829570314112356,22.701944111941224,52.83361538779049,-0.7299270072992701,-0.1712174461566189,-0.27935478057132557
686368.4502119,0,    66,    56,   128,   -81,   -19,   -30,26.829570314112356,22.701944111941224,52.83361538779049,-0.7299270072992701,-0.1712174461566189,-0.27935478057132557
686368.4503297,0,    65,    55,   128,   -81,   -19,   -30,27.24233293432947,23.114706732158336,52.83361538779049,-0.7299270072992701,-0.1712174461566189,-0.2703433360367667
686368.4503814,0,    65,    54,   128,   -82,   -19,   -31,26.829570314112356,22.701944111941224,52.83361538779049,-0.7299270072992701,-0.1712174461566189,-0.2703433360367667
686368.4810908,0,    65,    55,   127,   -82,   -18,   -31,26.829570314112356,22.28918149172411,52.83361538779049,-0.738938451833829,-0.1712174461566189,-0.27935478057132557
686368.481183,0,    65,    56,   128,   -82,   -19,   -30,26.829570314112356,22.701944111941224,52.42085276757337,-0.738938451833829,-0.16220600162206003,-0.27935478057132557
686368.5120109,0,    65,    55,   128,   -81,   -19,   -31,26.829570314112356,23.114706732158336,52.83361538779049,-0.738938451833829,-0.1712174461566189,-0.2703433360367667
686368.5121061,0,    64,    55,   127,   -82,   -18,   -31,26.829570314112356,22.701944111941224,52.83361538779049,-0.7299270072992701,-0.1712174461566189,-0.27935478057132557
686368.5121361,0,    64,    55,   128,   -82,   -19,   -31,26.416807693895244,22.701944111941224,52.42085276757337,-0.738938451833829,-0.16220600162206003,-0.27935478057132557
686368.5440796,0,    65,    55,   127,   -81,   -20,   -30,26.416807693895244,22.701944111941224,52.83361538779049,-0.738938451833829,-0.1712174461566189,-0.27935478057132557
686368.5441933,0,    65,    56,   128,   -81,   -19,   -30,26.829570314112356,22.701944111941224,52.42085276757337,-0.7299270072992701,-0.18022889069117778,-0.2703433360367667
686368.5442436,0,    64,    55,   128,   -82,   -19,   -31,26.829570314112356,23.114706732158336,52.83361538779049,-0.7299270072992701,-0.1712174461566189,-0.2703433360367667
686368.5599927,0,    64,    55,   128,   -82,   -19,   -31,26.416807693895244,22.701944111941224,52.83361538779049,-0.738938451833829,-0.1712174461566189,-0.27935478057132557
686368.5909328,0,    65,    55,   128,   -81,   -19,   -30,26.416807693895244,22.701944111941224,52.83361538779049,-0.738938451833829,-0.1712174461566189,-0.27935478057132557
686368.5910298,0,    65,    55,   128,   -82,   -19,   -30,26.829570314112356,22.701944111941224,52.83361538779049,-0.7299270072992701,-0.1712174461566189,-0.2703433360367667
686368.5910584,0,    65,    54,   128,   -81,   -19,   -31,26.829570314112356,22.701944111941224,52.83361538779049,-0.738938451833829,-0.1712174461566189,-0.2703433360367667
686368.6220449,0,    65,    55,   127,   -82,   -18,   -31,26.829570314112356,22.28918149172411,52.83361538779049,-0.7299270072992701,-0.1712174461566189,-0.27935478057132557
686368.6221296,0,    65,    55,   128,   -81,   -19,   -31,26.829570314112356,22.701944111941224,52.42085276757337,-0.738938451833829,-0.16220600162206003,-0.27935478057132557
686368.6221617,0,    64,    55,   128,   -82,   -19,   -31,26.829570314112356,22.701944111941224,52.83361538779049,-0.7299270072992701,-0.1712174461566189,-0.27935478057132557
686368.6539851,0,    65,    55,   127,   -82,   -18,   -31,26.416807693895244,22.701944111941224,52.83361538779049,-0.738938451833829,-0.1712174461566189,-0.27935478057132557
686368.6540581,0,    65,    55,   128,   -82,   -19,   -31,26.829570314112356,22.701944111941224,52.42085276757337,-0.738938451833829,-0.16220600162206003,-0.27935478057132557
686368.6700007,0,    65,    55,   128,   -82,   -19,   -29,26.829570314112356,22.701944111941224,52.83361538779049,-0.738938451833829,-0.1712174461566189,-0.27935478057132557
686368.6701512,0,    65,    56,   128,   -82,   -19,   -30,26.829570314112356,22.701944111941224,52.83361538779049,-0.738938451833829,-0.1712174461566189,-0.2613318915022078
686368.7020061,0,    65,    55,   128,   -82,   -19,   -31,26.829570314112356,23.114706732158336,52.83361538779049,-0.738938451833829,-0.1712174461566189,-0.2703433360367667
686368.7021876,0,    64,    55,   127,   -82,   -18,   -31,26.829570314112356,22.701944111941224,52.83361538779049,-0.738938451833829,-0.1712174461566189,-0.27935478057132557
686368.7339536,0,    65,    56,   128,   -82,   -20,   -30,26.416807693895244,22.701944111941224,52.42085276757337,-0.738938451833829,-0.16220600162206003,-0.27935478057132557
686368.7340468,0,    65,    55,   128,   -82,   -19,   -30,26.829570314112356,23.114706732158336,52.83361538779049,-0.738938451833829,-0.18022889069117778,-0.2703433360367667
686368.7340767,0,    65,    55,   128,   -82,   -19,   -31,26.829570314112356,22.701944111941224,52.83361538779049,-0.738938451833829,-0.1712174461566189,-0.2703433360367667
686368.7498856,0,    65,    54,   127,   -82,   -18,   -32,26.829570314112356,22.701944111941224,52.83361538779049,-0.738938451833829,-0.1712174461566189,-0.27935478057132557
686368.781867,0,    65,    54,   128,   -82,   -19,   -31,26.829570314112356,22.28918149172411,52.42085276757337,-0.738938451833829,-0.16220600162206003,-0.2883662251058845
686368.7820122,0,    65,    55,   128,   -81,   -19,   -29,26.829570314112356,22.28918149172411,52.83361538779049,-0.738938451833829,-0.1712174461566189,-0.27935478057132557
686368.7820425,0,    65,    55,   127,   -82,   -18,   -31,26.829570314112356,22.701944111941224,52.83361538779049,-0.7299270072992701,-0.1712174461566189,-0.2613318915022078
686368.7978555,0,    64,    55,   127,   -81,   -18,   -31,26.829570314112356,22.701944111941224,52.42085276757337,-0.738938451833829,-0.16220600162206003,-0.27935478057132557
686368.7979547,0,    65,    55,   127,   -81,   -19,   -30,26.416807693895244,22.701944111941224,52.42085276757337,-0.7299270072992701,-0.16220600162206003,-0.27935478057132557
686368.828645,0,    65,    55,   128,   -81,   -19,   -30,26.829570314112356,22.701944111941224,52.42085276757337,-0.7299270072992701,-0.1712174461566189,-0.2703433360367667
686368.8287152,0,    64,    55,   127,   -81,   -18,   -31,26.829570314112356,22.701944111941224,52.83361538779049,-0.7299270072992701,-0.1712174461566189,-0.2703433360367667
686368.8597895,0,    65,    55,   128,   -81,   -19,   -31,26.416807693895244,22.701944111941224,52.42085276757337,-0.7299270072992701,-0.16220600162206003,-0.27935478057132557
686368.8598918,0,    65,    55,   128,   -82,   -19,   -30,26.829570314112356,22.701944111941224,52.83361538779049,-0.7299270072992701,-0.1712174461566189,-0.27935478057132557
686368.8599407,0,    65,    55,   128,   -81,   -19,   -30,26.829570314112356,22.701944111941224,52.83361538779049,-0.738938451833829,-0.1712174461566189,-0.2703433360367667
686368.8757414,0,    65,    55,   128,   -83,   -19,   -31,26.829570314112356,22.701944111941224,52.83361538779049,-0.7299270072992701,-0.1712174461566189,-0.2703433360367667
686368.9067606,0,    64,    55,   127,   -81,   -18,   -31,26.829570314112356,22.701944111941224,52.83361538779049,-0.7479498963683878,-0.1712174461566189,-0.27935478057132557
686368.906884,0,    65,    54,   128,   -82,   -19,   -31,26.416807693895244,22.701944111941224,52.42085276757337,-0.7299270072992701,-0.16220600162206003,-0.27935478057132557
686368.9069323,0,    65,    55,   128,   -82,   -19,   -30,26.829570314112356,22.28918149172411,52.83361538779049,-0.738938451833829,-0.1712174461566189,-0.27935478057132557
686368.9226913,0,    65,    55,   128,   -82,   -19,   -30,26.829570314112356,22.701944111941224,52.83361538779049,-0.738938451833829,-0.1712174461566189,-0.2703433360367667
686368.9387334,0,    65,    55,   128,   -81,   -19,   -31,26.829570314112356,22.701944111941224,52.83361538779049,-0.738938451833829,-0.1712174461566189,-0.2703433360367667
686368.9388973,0,    65,    55,   128,   -81,   -19,   -29,26.829570314112356,22.701944111941224,52.83361538779049,-0.7299270072992701,-0.1712174461566189,-0.27935478057132557
686368.9696587,0,    65,    55,   128,   -81,   -19,   -30,26.829570314112356,22.701944111941224,52.83361538779049,-0.7299270072992701,-0.1712174461566189,-0.2613318915022078
686368.9697459,0,    64,    55,   127,   -81,   -18,   -31,26.829570314112356,22.701944111941224,52.83361538779049,-0.7299270072992701,-0.1712174461566189,-0.2703433360367667
686369.0015895,0,    65,    54,   127,   -82,   -18,   -32,26.416807693895244,22.701944111941224,52.42085276757337,-0.7299270072992701,-0.16220600162206003,-0.27935478057132557
686369.0016847,0,    64,    55,   127,   -81,   -18,   -31,26.829570314112356,22.28918149172411,52.42085276757337,-0.738938451833829,-0.16220600162206003,-0.2883662251058845
686369.001716,0,    65,    55,   128,   -81,   -19,   -30,26.416807693895244,22.701944111941224,52.42085276757337,-0.7299270072992701,-0.16220600162206003,-0.27935478057132557
686369.0175738,0,    64,    55,   128,   -82,   -19,   -31,26.829570314112356,22.701944111941224,52.83361538779049,-0.7299270072992701,-0.1712174461566189,-0.2703433360367667
686369.0486817,0,    65,    55,   127,   -82,   -18,   -31,26.416807693895244,22.701944111941224,52.83361538779049,-0.738938451833829,-0.1712174461566189,-0.27935478057132557
686369.0487784,0,    64,    55,   128,   -82,   -19,   -31,26.829570314112356,22.701944111941224,52.42085276757337,-0.738938451833829,-0.16220600162206003,-0.27935478057132557
686369.0488075,0,    65,    55,   128,   -82,   -19,   -30,26.416807693895244,22.701944111941224,52.83361538779049,-0.738938451833829,-0.1712174461566189,-0.27935478057132557
686369.0795112,0,    65,    55,   128,   -82,   -19,   -30,26.829570314112356,22.701944111941224,52.83361538779049,-0.738938451833829,-0.1712174461566189,-0.2703433360367667
686369.0796005,0,    65,    54,   128,   -82,   -19,   -30,26.829570314112356,22.701944111941224,52.83361538779049,-0.738938451833829,-0.1712174461566189,-0.2703433360367667
686369.0796431,0,    65,    55,   128,   -82,   -19,   -30,26.829570314112356,22.28918149172411,52.83361538779049,-0.738938451833829,-0.1712174461566189,-0.2703433360367667
686369.1105192,0,    65,    56,   128,   -82,   -19,   -30,26.829570314112356,22.701944111941224,52.83361538779049,-0.738938451833829,-0.1712174461566189,-0.2703433360367667
686369.1106506,0,    65,    55,   128,   -82,   -19,   -31,26.829570314112356,23.114706732158336,52.83361538779049,-0.738938451833829,-0.1712174461566189,-0.2703433360367667
686369.1426702,0,    65,    55,   128,   -81,   -19,   -31,26.829570314112356,22.701944111941224,52.83361538779049,-0.738938451833829,-0.1712174461566189,-0.27935478057132557
686369.1428244,0,    64,    55,   127,   -81,   -18,   -31,26.829570314112356,22.701944111941224,52.83361538779049,-0.7299270072992701,-0.1712174461566189,-0.27935478057132557
686369.14287,0,    65,    54,   127,   -81,   -19,   -29,26.416807693895244,22.701944111941224,52.42085276757337,-0.7299270072992701,-0.16220600162206003,-0.27935478057132557
686369.1584953,0,    65,    55,   128,   -82,   -19,   -31,26.829570314112356,22.28918149172411,52.42085276757337,-0.7299270072992701,-0.1712174461566189,-0.2613318915022078
686369.189508,0,    65,    55,   126,   -81,   -18,   -31,26.829570314112356,22.701944111941224,52.83361538779049,-0.738938451833829,-0.1712174461566189,-0.27935478057132557
686369.1896322,0,    65,    55,   128,   -82,   -19,   -31,26.829570314112356,22.701944111941224,52.008090147356256,-0.7299270072992701,-0.16220600162206003,-0.27935478057132557
686369.1896805,0,    65,    56,   128,   -82,   -19,   -30,26.829570314112356,22.701944111941224,52.83361538779049,-0.738938451833829,-0.1712174461566189,-0.27935478057132557
686369.2203754,0,    65,    55,   128,   -82,   -19,   -30,26.829570314112356,23.114706732158336,52.83361538779049,-0.738938451833829,-0.1712174461566189,-0.2703433360367667
686369.2204679,0,    64,    55,   128,   -82,   -19,   -31,26.829570314112356,22.701944111941224,52.83361538779049,-0.738938451833829,-0.1712174461566189,-0.2703433360367667
686369.2204797,0,    64,    55,   127,   -82,   -18,   -31,26.416807693895244,22.701944111941224,52.83361538779049,-0.738938451833829,-0.1712174461566189,-0.27935478057132557
686369.251339,0,    65,    55,   128,   -82,   -19,   -30,26.416807693895244,22.701944111941224,52.42085276757337,-0.738938451833829,-0.16220600162206003,-0.27935478057132557
686369.2514033,0,    64,    55,   127,   -81,   -18,   -31,26.829570314112356,22.701944111941224,52.83361538779049,-0.738938451833829,-0.1712174461566189,-0.2703433360367667
686369.2823241,0,    64,    55,   127,   -82,   -18,   -31,26.416807693895244,22.701944111941224,52.42085276757337,-0.7299270072992701,-0.16220600162206003,-0.27935478057132557
686369.2825288,0,    65,    55,   128,   -81,   -19,   -31,26.416807693895244,22.701944111941224,52.42085276757337,-0.738938451833829,-0.16220600162206003,-0.27935478057132557
686369.2825475,0,    65,    55,   128,   -82,   -19,   -30,26.829570314112356,22.701944111941224,52.83361538779049,-0.7299270072992701,-0.1712174461566189,-0.27935478057132557
686369.298413,0,    65,    55,   128,   -81,   -19,   -30,26.829570314112356,22.701944111941224,52.83361538779049,-0.738938451833829,-0.1712174461566189,-0.2703433360367667
686369.3294604,0,    65,    55,   127,   -82,   -18,   -31,26.829570314112356,22.701944111941224,52.83361538779049,-0.7299270072992701,-0.1712174461566189,-0.2703433360367667
686369.32962,0,    65,    54,   128,   -81,   -19,   -31,26.829570314112356,22.701944111941224,52.42085276757337,-0.738938451833829,-0.16220600162206003,-0.27935478057132557
686369.3297042,0,    65,    56,   128,   -82,   -19,   -30,26.829570314112356,22.28918149172411,52.83361538779049,-0.7299270072992701,-0.1712174461566189,-0.27935478057132557
686369.3602902,0,    65,    55,   128,   -82,   -19,   -30,26.829570314112356,23.114706732158336,52.83361538779049,-0.738938451833829,-0.1712174461566189,-0.2703433360367667
686369.3604014,0,    65,    55,   128,   -82,   -19,   -31,26.829570314112356,23.114706732158336,52.83361538779049,-0.738938451833829,-0.1712174461566189,-0.2703433360367667
686369.360448,0,    65,    55,   128,   -81,   -19,   -31,26.829570314112356,23.114706732158336,52.83361538779049,-0.738938451833829,-0.1712174461566189,-0.2703433360367667
686369.3912931,0,    65,    55,   128,   -82,   -19,   -30,26.829570314112356,23.114706732158336,52.83361538779049,-0.738938451833829,-0.1712174461566189,-0.2703433360367667
686369.3913861,0,    64,    55,   128,   -82,   -19,   -31,26.829570314112356,23.114706732158336,52.83361538779049,-0.738938451833829,-0.1712174461566189,-0.2703433360367667
686369.4222265,0,    65,    55,   127,   -82,   -18,   -31,26.829570314112356,23.114706732158336,52.83361538779049,-0.738938451833829,-0.1712174461566189,-0.2703433360367667
686369.4223192,0,    65,    55,   128,   -81,   -19,   -31,26.829570314112356,23.114706732158336,52.83361538779049,-0.738938451833829,-0.1712174461566189,-0.2703433360367667
686369.4223436,0,    65,    55,   128,   -82,   -20,   -30,26.829570314112356,23.114706732158336,52.83361538779049,-0.738938451833829,-0.1712174461566189,-0.2703433360367667
686369.4532297,0,    65,    55,   127,   -81,   -20,   -30,26.829570314112356,23.114706732158336,52.83361538779049,-0.738938451833829,-0.1712174461566189,-0.2703433360367667
686369.4533511,0,    64,    55,   128,   -82,   -19,   -30,26.829570314112356,23.114706732158336,52.83361538779049,-0.738938451833829,-0.1712174461566189,-0.2703433360367667
686369.485269,0,    65,    55,   128,   -82,   -19,   -31,26.829570314112356,23.114706732158336,52.83361538779049,-0.738938451833829,-0.1712174461566189,-0.2703433360367667
686369.485393,0,    65,    55,   128,   -82,   -19,   -30,26.829570314112356,23.114706732158336,52.83361538779049,-0.738938451833829,-0.1712174461566189,-0.2703433360367667
686369.4854319,0,    65,    55,   128,   -82,   -19,   -30,26.829570314112356,23.114706732158336,52.83361538779049,-0.738938451833829,-0.1712174461566189,-0.2703433360367667
686369.5011996,0,    64,    55,   127,   -81,   -18,   -31,26.829570314112356,23.114706732158336,52.83361538779049,-0.738938451833829,-0.1712174461566189,-0.2703433360367667
686369.50127,0,    65,    54,   127,   -82,   -18,   -30,26.829570314112356,23.114706732158336,52.83361538779049,-0.738938451833829,-0.1712174461566189,-0.2703433360367667
686369.5322023,0,    64,    55,   128,   -83,   -19,   -31,26.829570314112356,23.114706732158336,52.83361538779049,-0.738938451833829,-0.1712174461566189,-0.2703433360367667
686369.5322782,0,    64,    55,   127,   -81,   -18,   -31,26.829570314112356,23.114706732158336,52.83361538779049,-0.738938451833829,-0.1712174461566189,-0.2703433360367667
686369.5632493,0,    65,    54,   127,   -82,   -18,   -32,26.829570314112356,23.114706732158336,52.83361538779049,-0.738938451833829,-0.1712174461566189,-0.2703433360367667
686369.5633336,0,    64,    55,   128,   -82,   -19,   -31,26.829570314112356,23.114706732158336,52.83361538779049,-0.738938451833829,-0.1712174461566189,-0.2703433360367667
686369.563367,0,    65,    55,   128,   -81,   -19,   -29,26.829570314112356,23.114706732158336,52.83361538779049,-0.738938451833829,-0.1712174461566189,-0.2703433360367667
686369.5950519,0,    65,    55,   128,   -82,   -19,   -30,26.829570314112356,23.114706732158336,52.83361538779049,-0.738938451833829,-0.1712174461566189,-0.2703433360367667
686369.5951219,0,    64,    55,   127,   -81,   -18,   -31,26.829570314112356,23.114706732158336,52.83361538779049,-0.738938451833829,-0.1712174461566189,-0.2703433360367667
686369.5951453,0,    65,    55,   127,   -82,   -18,   -31,26.829570314112356,23.114706732158336,52.83361538779049,-0.738938451833829,-0.1712174461566189,-0.2703433360367667
686369.611158,0,    65,    56,   128,   -81,   -19,   -30,26.829570314112356,23.114706732158336,52.83361538779049,-0.738938451833829,-0.1712174461566189,-0.2703433360367667
686369.6421669,0,    65,    55,   128,   -81,   -19,   -30,26.829570314112356,23.114706732158336,52.83361538779049,-0.738938451833829,-0.1712174461566189,-0.2703433360367667
686369.6422614,0,    64,    55,   128,   -82,   -19,   -31,26.829570314112356,23.114706732158336,52.83361538779049,-0.738938451833829,-0.1712174461566189,-0.2703433360367667
686369.6423122,0,    65,    55,   128,   -81,   -19,   -31,26.829570314112356,23.114706732158336,52.83361538779049,-0.738938451833829,-0.1712174461566189,-0.2703433360367667
686369.673126,0,    64,    55,   128,   -82,   -19,   -31,26.829570314112356,23.114706732158336,52.83361538779049,-0.738938451833829,-0.1712174461566189,-0.2703433360367667
686369.673186,0,    65,    55,   128,   -81,   -19,   -30,26.829570314112356,23.114706732158336,52.83361538779049,-0.738938451833829,-0.1712174461566189,-0.2703433360367667
686369.7038796,0,    65,    54,   127,   -82,   -18,   -32,26.829570314112356,23.114706732158336,52.83361538779049,-0.738938451833829,-0.1712174461566189,-0.2703433360367667
686369.703948,0,    65,    54,   128,   -82,   -19,   -31,26.829570314112356,23.114706732158336,52.83361538779049,-0.738938451833829,-0.1712174461566189,-0.2703433360367667
686369.7039763,0,    65,    55,   128,   -82,   -20,   -30,26.829570314112356,23.114706732158336,52.83361538779049,-0.738938451833829,-0.1712174461566189,-0.2703433360367667
686369.7360674,0,    65,    55,   128,   -82,   -19,   -30,26.829570314112356,23.114706732158336,52.83361538779049,-0.738938451833829,-0.1712174461566189,-0.2703433360367667
686369.7361372,0,    64,    55,   127,   -81,   -18,   -31,26.829570314112356,23.114706732158336,52.83361538779049,-0.738938451833829,-0.1712174461566189,-0.2703433360367667
686369.7361744,0,    65,    55,   128,   -81,   -19,   -31,26.829570314112356,23.114706732158336,52.83361538779049,-0.738938451833829,-0.1712174461566189,-0.2703433360367667
686369.7519172,0,    65,    56,   128,   -82,   -19,   -30,26.829570314112356,23.114706732158336,52.83361538779049,-0.738938451833829,-0.1712174461566189,-0.2703433360367667
686369.7841079,0,    66,    56,   128,   -82,   -19,   -30,26.829570314112356,23.114706732158336,52.83361538779049,-0.738938451833829,-0.1712174461566189,-0.2703433360367667
686369.7841691,0,    64,    55,   128,   -83,   -19,   -31,26.829570314112356,23.114706732158336,52.83361538779049,-0.738938451833829,-0.1712174461566189,-0.2703433360367667
686369.7841919,0,    64,    55,   127,   -82,   -18,   -31,26.829570314112356,23.114706732158336,52.83361538779049,-0.738938451833829,-0.1712174461566189,-0.2703433360367667
686369.8158474,0,    65,    54,   128,   -82,   -19,   -31,26.829570314112356,23.114706732158336,52.83361538779049,-0.738938451833829,-0.1712174461566189,-0.2703433360367667
686369.8159134,0,    65,    55,   128,   -81,   -19,   -30,26.829570314112356,23.114706732158336,52.83361538779049,-0.738938451833829,-0.1712174461566189,-0.2703433360367667
686369.8321205,0,    65,    55,   128,   -82,   -19,   -30,26.829570314112356,23.114706732158336,52.83361538779049,-0.738938451833829,-0.1712174461566189,-0.2703433360367667
686369.8322344,0,    64,    55,   128,   -82,   -19,   -31,26.829570314112356,23.114706732158336,52.83361538779049,-0.738938451833829,-0.1712174461566189,-0.2703433360367667
686369.8629741,0,    65,    55,   127,   -81,   -20,   -30,26.829570314112356,23.114706732158336,52.83361538779049,-0.738938451833829,-0.1712174461566189,-0.2703433360367667
686369.863102,0,    65,    55,   128,   -81,   -19,   -30,26.829570314112356,23.114706732158336,52.83361538779049,-0.738938451833829,-0.1712174461566189,-0.2703433360367667
686369.893911,0,    65,    55,   128,   -82,   -19,   -31,26.829570314112356,23.114706732158336,52.83361538779049,-0.738938451833829,-0.1712174461566189,-0.2703433360367667
686369.8940013,0,    65,    55,   127,   -82,   -18,   -31,26.829570314112356,23.114706732158336,52.83361538779049,-0.738938451833829,-0.1712174461566189,-0.2703433360367667
686369.8940225,0,    65,    55,   128,   -81,   -19,   -31,26.829570314112356,23.114706732158336,52.83361538779049,-0.738938451833829,-0.1712174461566189,-0.2703433360367667
686369.9249845,0,    65,    55,   128,   -81,   -19,   -30,26.829570314112356,23.114706732158336,52.83361538779049,-0.738938451833829,-0.1712174461566189,-0.2703433360367667
686369.925143,0,    64,    55,   128,   -82,   -19,   -31,26.829570314112356,23.114706732158336,52.83361538779049,-0.738938451833829,-0.1712174461566189,-0.2703433360367667
686369.9252019,0,    65,    55,   127,   -82,   -18,   -31,26.829570314112356,23.114706732158336,52.83361538779049,-0.738938451833829,-0.1712174461566189,-0.2703433360367667
686369.9569005,0,    65,    55,   128,   -81,   -19,   -31,26.829570314112356,23.114706732158336,52.83361538779049,-0.738938451833829,-0.1712174461566189,-0.2703433360367667
686369.9569932,0,    65,    56,   128,   -82,   -19,   -30,26.829570314112356,23.114706732158336,52.83361538779049,-0.738938451833829,-0.1712174461566189,-0.2703433360367667
686369.9727856,0,    65,    56,   128,   -82,   -19,   -30,26.829570314112356,23.114706732158336,52.83361538779049,-0.738938451833829,-0.1712174461566189,-0.2703433360367667
686369.9729209,0,    65,    55,   128,   -82,   -19,   -31,26.829570314112356,23.114706732158336,52.83361538779049,-0.738938451833829,-0.1712174461566189,-0.2703433360367667
686370.0038518,0,    65,    55,   128,   -82,   -20,   -30,26.829570314112356,23.114706732158336,52.83361538779049,-0.738938451833829,-0.1712174461566189,-0.2703433360367667
686370.0039206,0,    65,    55,   128,   -81,   -19,   -30,26.829570314112356,23.114706732158336,52.83361538779049,-0.738938451833829,-0.1712174461566189,-0.2703433360367667
686370.0348633,0,    64,    55,   128,   -82,   -19,   -31,26.829570314112356,23.114706732158336,52.83361538779049,-0.738938451833829,-0.1712174461566189,-0.2703433360367667
686370.0349699,0,    64,    55,   127,   -82,   -18,   -31,26.829570314112356,23.114706732158336,52.83361538779049,-0.738938451833829,-0.1712174461566189,-0.2703433360367667
686370.0350091,0,    64,    55,   128,   -82,   -19,   -31,26.829570314112356,23.114706732158336,52.83361538779049,-0.738938451833829,-0.1712174461566189,-0.2703433360367667
686370.0657555,0,    65,    55,   128,   -82,   -19,   -29,26.829570314112356,23.114706732158336,52.83361538779049,-0.738938451833829,-0.1712174461566189,-0.2703433360367667
686370.0658249,0,    65,    55,   128,   -81,   -19,   -31,26.829570314112356,23.114706732158336,52.83361538779049,-0.738938451833829,-0.1712174461566189,-0.2703433360367667
686370.0658555,0,    65,    55,   127,   -82,   -18,   -31,26.829570314112356,23.114706732158336,52.83361538779049,-0.738938451833829,-0.1712174461566189,-0.2703433360367667
686370.0979065,0,    65,    55,   128,   -82,   -19,   -31,26.829570314112356,23.114706732158336,52.83361538779049,-0.738938451833829,-0.1712174461566189,-0.2703433360367667
686370.0980544,0,    65,    55,   127,   -81,   -20,   -30,26.829570314112356,23.114706732158336,52.83361538779049,-0.738938451833829,-0.1712174461566189,-0.2703433360367667
686370.1138057,0,    65,    55,   128,   -81,   -19,   -30,26.829570314112356,23.114706732158336,52.83361538779049,-0.738938451833829,-0.1712174461566189,-0.2703433360367667
686370.1139835,0,    65,    55,   128,   -82,   -19,   -31,26.829570314112356,23.114706732158336,52.83361538779049,-0.738938451833829,-0.1712174461566189,-0.2703433360367667
686370.1446407,0,    65,    55,   128,   -81,   -19,   -31,26.829570314112356,23.114706732158336,52.83361538779049,-0.738938451833829,-0.1712174461566189,-0.2703433360367667
686370.1447758,0,    65,    55,   128,   -81,   -19,   -29,26.829570314112356,23.114706732158336,52.83361538779049,-0.738938451833829,-0.1712174461566189,-0.2703433360367667
686370.1755954,0,    64,    55,   127,   -81,   -19,   -31,26.829570314112356,23.114706732158336,52.83361538779049,-0.738938451833829,-0.1712174461566189,-0.2703433360367667
686370.1756722,0,    65,    54,   126,   -81,   -18,   -32,26.829570314112356,23.114706732158336,52.83361538779049,-0.738938451833829,-0.1712174461566189,-0.2703433360367667
686370.1756957,0,    64,    55,   128,   -82,   -19,   -31,26.829570314112356,23.114706732158336,52.83361538779049,-0.738938451833829,-0.1712174461566189,-0.2703433360367667
686370.2075511,0,    65,    55,   128,   -82,   -20,   -30,26.829570314112356,23.114706732158336,52.83361538779049,-0.738938451833829,-0.1712174461566189,-0.2703433360367667
686370.2076192,0,    65,    55,   128,   -82,   -19,   -30,26.829570314112356,23.114706732158336,52.83361538779049,-0.738938451833829,-0.1712174461566189,-0.2703433360367667
686370.2076427,0,    65,    55,   127,   -82,   -18,   -31,26.829570314112356,23.114706732158336,52.83361538779049,-0.738938451833829,-0.1712174461566189,-0.2703433360367667
686370.2236682,0,    65,    54,   128,   -82,   -19,   -30,26.829570314112356,23.114706732158336,52.83361538779049,-0.738938451833829,-0.1712174461566189,-0.2703433360367667
686370.254539,0,    65,    56,   127,   -81,   -19,   -30,26.829570314112356,23.114706732158336,52.83361538779049,-0.738938451833829,-0.1712174461566189,-0.2703433360367667
686370.2546535,0,    65,    55,   128,   -82,   -20,   -30,26.829570314112356,23.114706732158336,52.83361538779049,-0.738938451833829,-0.1712174461566189,-0.2703433360367667
686370.2546793,0,    65,    55,   128,   -81,   -19,   -31,26.829570314112356,23.114706732158336,52.83361538779049,-0.738938451833829,-0.1712174461566189,-0.2703433360367667
686370.2855849,0,    65,    54,   127,   -82,   -18,   -30,26.829570314112356,23.114706732158336,52.83361538779049,-0.738938451833829,-0.1712174461566189,-0.2703433360367667
686370.2856898,0,    65,    55,   128,   -82,   -19,   -30,26.829570314112356,23.114706732158336,52.83361538779049,-0.738938451833829,-0.1712174461566189,-0.2703433360367667
686370.3165499,0,    65,    55,   128,   -82,   -19,   -31,26.829570314112356,23.114706732158336,52.83361538779049,-0.738938451833829,-0.1712174461566189,-0.2703433360367667
686370.3166695,0,    64,    55,   127,   -82,   -18,   -31,26.829570314112356,23.114706732158336,52.83361538779049,-0.738938451833829,-0.1712174461566189,-0.2703433360367667
686370.3167347,0,    65,    55,   128,   -82,   -19,   -31,26.829570314112356,23.114706732158336,52.83361538779049,-0.738938451833829,-0.1712174461566189,-0.2703433360367667
686370.3476035,0,    65,    55,   128,   -82,   -20,   -30,26.829570314112356,23.114706732158336,52.83361538779049,-0.738938451833829,-0.1712174461566189,-0.2703433360367667
686370.3477365,0,    65,    55,   128,   -83,   -19,   -30,26.829570314112356,23.114706732158336,52.83361538779049,-0.738938451833829,-0.1712174461566189,-0.2703433360367667
686370.3477848,0,    65,    55,   128,   -81,   -19,   -31,26.829570314112356,23.114706732158336,52.83361538779049,-0.738938451833829,-0.1712174461566189,-0.2703433360367667
686370.3634277,0,    65,    55,   128,   -82,   -19,   -31,26.829570314112356,23.114706732158336,52.83361538779049,-0.738938451833829,-0.1712174461566189,-0.2703433360367667
686370.394668,0,    65,    55,   128,   -81,   -19,   -29,26.829570314112356,23.114706732158336,52.83361538779049,-0.738938451833829,-0.1712174461566189,-0.2703433360367667
686370.3948131,0,    65,    55,   128,   -82,   -20,   -30,26.829570314112356,23.114706732158336,52.83361538779049,-0.738938451833829,-0.1712174461566189,-0.2703433360367667
686370.3948718,0,    65,    55,   128,   -82,   -19,   -31,26.829570314112356,23.114706732158336,52.83361538779049,-0.738938451833829,-0.1712174461566189,-0.2703433360367667
686370.4255143,0,    65,    55,   127,   -82,   -18,   -31,26.829570314112356,23.114706732158336,52.83361538779049,-0.738938451833829,-0.1712174461566189,-0.2703433360367667
686370.4256441,0,    64,    55,   127,   -81,   -18,   -31,26.829570314112356,23.114706732158336,52.83361538779049,-0.738938451833829,-0.1712174461566189,-0.2703433360367667
686370.4563581,0,    64,    55,   127,   -82,   -19,   -31,26.829570314112356,23.114706732158336,52.83361538779049,-0.738938451833829,-0.1712174461566189,-0.2703433360367667
686370.4564731,0,    65,    55,   127,   -82,   -18,   -31,26.829570314112356,23.114706732158336,52.83361538779049,-0.738938451833829,-0.1712174461566189,-0.2703433360367667
686370.4565167,0,    65,    55,   128,   -82,   -19,   -31,26.829570314112356,23.114706732158336,52.83361538779049,-0.738938451833829,-0.1712174461566189,-0.2703433360367667
686370.4873994,0,    65,    55,   128,   -82,   -19,   -30,26.829570314112356,23.114706732158336,52.83361538779049,-0.738938451833829,-0.1712174461566189,-0.2703433360367667
686370.4875424,0,    65,    55,   128,   -82,   -19,   -30,26.829570314112356,23.114706732158336,52.83361538779049,-0.738938451833829,-0.1712174461566189,-0.2703433360367667
686370.4875712,0,    64,    55,   128,   -82,   -19,   -31,26.829570314112356,23.114706732158336,52.83361538779049,-0.738938451833829,-0.1712174461566189,-0.2703433360367667
686370.5182441,0,    65,    55,   127,   -82,   -18,   -31,26.829570314112356,23.114706732158336,52.83361538779049,-0.738938451833829,-0.1712174461566189,-0.2703433360367667
686370.5183158,0,    65,    55,   128,   -82,   -19,   -30,26.829570314112356,23.114706732158336,52.83361538779049,-0.738938451833829,-0.1712174461566189,-0.2703433360367667
686370.5493447,0,    65,    55,   128,   -81,   -19,   -30,26.829570314112356,23.114706732158336,52.83361538779049,-0.738938451833829,-0.1712174461566189,-0.2703433360367667
686370.5494948,0,    65,    55,   128,   -82,   -19,   -31,26.829570314112356,23.114706732158336,52.83361538779049,-0.738938451833829,-0.1712174461566189,-0.2703433360367667
686370.5495049,0,    64,    55,   127,   -82,   -18,   -31,26.829570314112356,23.114706732158336,52.83361538779049,-0.738938451833829,-0.1712174461566189,-0.2703433360367667
686370.5802793,0,    65,    55,   128,   -82,   -19,   -31,26.829570314112356,23.114706732158336,52.83361538779049,-0.738938451833829,-0.1712174461566189,-0.2703433360367667
686370.5803893,0,    65,    55,   128,   -81,   -19,   -30,26.829570314112356,23.114706732158336,52.83361538779049,-0.738938451833829,-0.1712174461566189,-0.2703433360367667
686370.5804331,0,    65,    54,   127,   -82,   -18,   -32,26.829570314112356,23.114706732158336,52.83361538779049,-0.738938451833829,-0.1712174461566189,-0.2703433360367667
686370.6121101,0,    64,    55,   128,   -82,   -19,   -31,26.829570314112356,23.114706732158336,52.83361538779049,-0.738938451833829,-0.1712174461566189,-0.2703433360367667
686370.6121805,0,    65,    55,   128,   -82,   -20,   -30,26.829570314112356,23.114706732158336,52.83361538779049,-0.738938451833829,-0.1712174461566189,-0.2703433360367667
686370.6281724,0,    65,    55,   128,   -82,   -20,   -30,26.829570314112356,23.114706732158336,52.83361538779049,-0.738938451833829,-0.1712174461566189,-0.2703433360367667
686370.6282096,0,    64,    55,   127,   -81,   -18,   -31,26.829570314112356,23.114706732158336,52.83361538779049,-0.738938451833829,-0.1712174461566189,-0.2703433360367667
686370.6591925,0,    65,    55,   127,   -82,   -18,   -31,26.829570314112356,23.114706732158336,52.83361538779049,-0.738938451833829,-0.1712174461566189,-0.2703433360367667
686370.6592373,0,    65,    55,   128,   -82,   -19,   -30,26.829570314112356,23.114706732158336,52.83361538779049,-0.738938451833829,-0.1712174461566189,-0.2703433360367667
686370.6901331,0,    65,    56,   128,   -82,   -19,   -30,26.829570314112356,23.114706732158336,52.83361538779049,-0.738938451833829,-0.1712174461566189,-0.2703433360367667
686370.6901994,0,    65,    55,   128,   -81,   -19,   -31,26.829570314112356,23.114706732158336,52.83361538779049,-0.738938451833829,-0.1712174461566189,-0.2703433360367667
686370.6902238,0,    65,    54,   128,   -82,   -19,   -31,26.829570314112356,23.114706732158336,52.83361538779049,-0.738938451833829,-0.1712174461566189,-0.2703433360367667
686370.7221039,0,    65,    54,   128,   -82,   -19,   -31,26.829570314112356,23.114706732158336,52.83361538779049,-0.738938451833829,-0.1712174461566189,-0.2703433360367667
686370.7222016,0,    65,    55,   128,   -82,   -19,   -30,26.829570314112356,23.114706732158336,52.83361538779049,-0.738938451833829,-0.1712174461566189,-0.2703433360367667
686370.7222474,0,    65,    55,   128,   -81,   -19,   -30,26.829570314112356,23.114706732158336,52.83361538779049,-0.738938451833829,-0.1712174461566189,-0.2703433360367667
686370.7381185,0,    65,    55,   128,   -81,   -19,   -31,26.829570314112356,23.114706732158336,52.83361538779049,-0.738938451833829,-0.1712174461566189,-0.2703433360367667
686370.7691793,0,    65,    55,   128,   -82,   -20,   -30,26.829570314112356,23.114706732158336,52.83361538779049,-0.738938451833829,-0.1712174461566189,-0.2703433360367667
686370.7692399,0,    65,    55,   128,   -82,   -19,   -30,26.829570314112356,23.114706732158336,52.83361538779049,-0.738938451833829,-0.1712174461566189,-0.2703433360367667
686370.76925,0,    65,    55,   128,   -82,   -19,   -31,26.829570314112356,23.114706732158336,52.83361538779049,-0.738938451833829,-0.1712174461566189,-0.2703433360367667
686370.8001283,0,    64,    55,   127,   -82,   -18,   -31,26.829570314112356,23.114706732158336,52.83361538779049,-0.738938451833829,-0.1712174461566189,-0.2703433360367667
686370.8002277,0,    65,    55,   128,   -82,   -19,   -31,26.829570314112356,23.114706732158336,52.83361538779049,-0.738938451833829,-0.1712174461566189,-0.2703433360367667
686370.8310369,0,    65,    56,   128,   -82,   -19,   -30,26.829570314112356,23.114706732158336,52.83361538779049,-0.738938451833829,-0.1712174461566189,-0.2703433360367667
686370.8311166,0,    65,    54,   128,   -82,   -19,   -31,26.829570314112356,23.114706732158336,52.83361538779049,-0.738938451833829,-0.1712174461566189,-0.2703433360367667
686370.8311407,0,    64,    54,   127,   -82,   -18,   -31,26.829570314112356,23.114706732158336,52.83361538779049,-0.738938451833829,-0.1712174461566189,-0.2703433360367667
686370.8630468,0,    65,    54,   128,   -82,   -19,   -31,26.829570314112356,23.114706732158336,52.83361538779049,-0.738938451833829,-0.1712174461566189,-0.2703433360367667
686370.8631603,0,    65,    56,   128,   -82,   -19,   -30,26.829570314112356,23.114706732158336,52.83361538779049,-0.738938451833829,-0.1712174461566189,-0.2703433360367667
686370.8632173,0,    65,    55,   128,   -82,   -19,   -30,26.829570314112356,23.114706732158336,52.83361538779049,-0.738938451833829,-0.1712174461566189,-0.2703433360367667
686370.8789807,0,    65,    55,   128,   -82,   -19,   -31,26.829570314112356,23.114706732158336,52.83361538779049,-0.738938451833829,-0.1712174461566189,-0.2703433360367667
686370.9100288,0,    65,    55,   128,   -82,   -19,   -30,26.829570314112356,23.114706732158336,52.83361538779049,-0.738938451833829,-0.1712174461566189,-0.2703433360367667
686370.9101394,0,    65,    56,   128,   -81,   -19,   -30,26.829570314112356,23.114706732158336,52.83361538779049,-0.738938451833829,-0.1712174461566189,-0.2703433360367667
686370.9101843,0,    64,    55,   128,   -82,   -19,   -31,26.829570314112356,23.114706732158336,52.83361538779049,-0.738938451833829,-0.1712174461566189,-0.2703433360367667
686370.9421064,0,    65,    55,   127,   -82,   -18,   -31,26.829570314112356,23.114706732158336,52.83361538779049,-0.738938451833829,-0.1712174461566189,-0.2703433360367667
686370.9422602,0,    65,    55,   128,   -81,   -19,   -31,26.829570314112356,23.114706732158336,52.83361538779049,-0.738938451833829,-0.1712174461566189,-0.2703433360367667
686370.9739895,0,    65,    55,   128,   -82,   -20,   -30,26.829570314112356,23.114706732158336,52.83361538779049,-0.738938451833829,-0.1712174461566189,-0.2703433360367667
686370.9741482,0,    65,    54,   128,   -82,   -19,   -31,26.829570314112356,23.114706732158336,52.83361538779049,-0.738938451833829,-0.1712174461566189,-0.2703433360367667
686370.9742192,0,    65,    55,   127,   -82,   -18,   -31,26.829570314112356,23.114706732158336,52.83361538779049,-0.738938451833829,-0.1712174461566189,-0.2703433360367667
686370.9899361,0,    65,    54,   128,   -82,   -19,   -31,26.829570314112356,23.114706732158336,52.83361538779049,-0.738938451833829,-0.1712174461566189,-0.2703433360367667
686370.9900457,0,    65,    55,   128,   -81,   -19,   -30,26.829570314112356,23.114706732158336,52.83361538779049,-0.738938451833829,-0.1712174461566189,-0.2703433360367667
686371.0219094,0,    65,    55,   128,   -81,   -19,   -30,26.829570314112356,23.114706732158336,52.83361538779049,-0.738938451833829,-0.1712174461566189,-0.2703433360367667
686371.022004,0,    65,    55,   128,   -81,   -19,   -31,26.829570314112356,23.114706732158336,52.83361538779049,-0.738938451833829,-0.1712174461566189,-0.2703433360367667
686371.0378384,0,    65,    54,   128,   -81,   -19,   -31,26.829570314112356,23.114706732158336,52.83361538779049,-0.738938451833829,-0.1712174461566189,-0.2703433360367667
686371.0379923,0,    65,    55,   128,   -81,   -19,   -30,26.829570314112356,23.114706732158336,52.83361538779049,-0.738938451833829,-0.1712174461566189,-0.2703433360367667
686371.0687995,0,    65,    55,   128,   -82,   -19,   -31,26.829570314112356,23.114706732158336,52.83361538779049,-0.738938451833829,-0.1712174461566189,-0.2703433360367667
686371.068933,0,    65,    54,   127,   -82,   -18,   -30,26.829570314112356,23.114706732158336,52.83361538779049,-0.738938451833829,-0.1712174461566189,-0.2703433360367667
686371.0997753,0,    64,    55,   128,   -82,   -19,   -31,26.829570314112356,23.114706732158336,52.83361538779049,-0.738938451833829,-0.1712174461566189,-0.2703433360367667
686371.0998612,0,    65,    55,   127,   -81,   -20,   -30,26.829570314112356,23.114706732158336,52.83361538779049,-0.738938451833829,-0.1712174461566189,-0.2703433360367667
686371.0998875,0,    65,    55,   128,   -81,   -19,   -30,26.829570314112356,23.114706732158336,52.83361538779049,-0.738938451833829,-0.1712174461566189,-0.2703433360367667
686371.1306876,0,    65,    54,   127,   -81,   -18,   -31,26.829570314112356,23.114706732158336,52.83361538779049,-0.738938451833829,-0.1712174461566189,-0.2703433360367667
686371.1308187,0,    65,    55,   128,   -81,   -19,   -31,26.829570314112356,23.114706732158336,52.83361538779049,-0.738938451833829,-0.1712174461566189,-0.2703433360367667
686371.1308688,0,    65,    56,   128,   -82,   -19,   -30,26.829570314112356,23.114706732158336,52.83361538779049,-0.738938451833829,-0.1712174461566189,-0.2703433360367667
686371.1627737,0,    65,    55,   128,   -82,   -19,   -30,26.829570314112356,23.114706732158336,52.83361538779049,-0.738938451833829,-0.1712174461566189,-0.2703433360367667
686371.1629207,0,    65,    55,   128,   -82,   -19,   -31,26.829570314112356,23.114706732158336,52.83361538779049,-0.738938451833829,-0.1712174461566189,-0.2703433360367667
686371.178593,0,    65,    55,   127,   -82,   -18,   -31,26.829570314112356,23.114706732158336,52.83361538779049,-0.738938451833829,-0.1712174461566189,-0.2703433360367667
686371.178657,0,    65,    55,   128,   -82,   -19,   -30,26.829570314112356,23.114706732158336,52.83361538779049,-0.738938451833829,-0.1712174461566189,-0.2703433360367667
686371.2096098,0,    65,    55,   128,   -81,   -19,   -31,26.829570314112356,23.114706732158336,52.83361538779049,-0.738938451833829,-0.1712174461566189,-0.2703433360367667
686371.2096819,0,    65,    55,   127,   -82,   -18,   -31,26.829570314112356,23.114706732158336,52.83361538779049,-0.738938451833829,-0.1712174461566189,-0.2703433360367667
686371.2406784,0,    64,    55,   128,   -82,   -19,   -31,26.829570314112356,23.114706732158336,52.83361538779049,-0.738938451833829,-0.1712174461566189,-0.2703433360367667
686371.2408003,0,    65,    55,   128,   -82,   -20,   -30,26.829570314112356,23.114706732158336,52.83361538779049,-0.738938451833829,-0.1712174461566189,-0.2703433360367667
686371.2408508,0,    65,    56,   128,   -82,   -19,   -30,26.829570314112356,23.114706732158336,52.83361538779049,-0.738938451833829,-0.1712174461566189,-0.2703433360367667
686371.2717203,0,    64,    55,   128,   -82,   -19,   -30,26.829570314112356,23.114706732158336,52.83361538779049,-0.738938451833829,-0.1712174461566189,-0.2703433360367667
686371.2718144,0,    65,    55,   128,   -82,   -19,   -31,26.829570314112356,23.114706732158336,52.83361538779049,-0.738938451833829,-0.1712174461566189,-0.2703433360367667
686371.2718584,0,    65,    56,   128,   -82,   -19,   -30,26.829570314112356,23.114706732158336,52.83361538779049,-0.738938451833829,-0.1712174461566189,-0.2703433360367667
686371.3035857,0,    65,    55,   128,   -82,   -19,   -30,26.829570314112356,23.114706732158336,52.83361538779049,-0.738938451833829,-0.1712174461566189,-0.2703433360367667
686371.3036946,0,    64,    55,   128,   -82,   -19,   -31,26.829570314112356,23.114706732158336,52.83361538779049,-0.738938451833829,-0.1712174461566189,-0.2703433360367667
686371.3195798,0,    65,    54,   127,   -82,   -18,   -32,26.829570314112356,23.114706732158336,52.83361538779049,-0.738938451833829,-0.1712174461566189,-0.2703433360367667
686371.3196904,0,    65,    54,   128,   -82,   -19,   -31,26.829570314112356,23.114706732158336,52.83361538779049,-0.738938451833829,-0.1712174461566189,-0.2703433360367667
686371.3505692,0,    64,    55,   128,   -82,   -19,   -31,26.829570314112356,23.114706732158336,52.83361538779049,-0.738938451833829,-0.1712174461566189,-0.2703433360367667
686371.3506864,0,    65,    55,   126,   -81,   -18,   -31,26.829570314112356,23.114706732158336,52.83361538779049,-0.738938451833829,-0.1712174461566189,-0.2703433360367667
686371.3816204,0,    64,    54,   128,   -82,   -19,   -31,26.829570314112356,23.114706732158336,52.83361538779049,-0.738938451833829,-0.1712174461566189,-0.2703433360367667
686371.381743,0,    65,    55,   127,   -81,   -19,   -30,26.829570314112356,23.114706732158336,52.83361538779049,-0.738938451833829,-0.1712174461566189,-0.2703433360367667
686371.3817898,0,    65,    56,   128,   -82,   -19,   -30,26.829570314112356,23.114706732158336,52.83361538779049,-0.738938451833829,-0.1712174461566189,-0.2703433360367667
686371.412551,0,    64,    55,   128,   -82,   -19,   -31,26.829570314112356,23.114706732158336,52.83361538779049,-0.738938451833829,-0.1712174461566189,-0.2703433360367667
686371.4126906,0,    64,    55,   126,   -81,   -18,   -31,26.829570314112356,23.114706732158336,52.83361538779049,-0.738938451833829,-0.1712174461566189,-0.2703433360367667
686371.4127377,0,    65,    55,   127,   -81,   -20,   -30,26.829570314112356,23.114706732158336,52.83361538779049,-0.738938451833829,-0.1712174461566189,-0.2703433360367667
686371.444488,0,    65,    55,   128,   -81,   -19,   -30,26.829570314112356,23.114706732158336,52.83361538779049,-0.738938451833829,-0.1712174461566189,-0.2703433360367667
686371.4446168,0,    65,    55,   128,   -82,   -19,   -31,26.829570314112356,23.114706732158336,52.83361538779049,-0.738938451833829,-0.1712174461566189,-0.2703433360367667
686371.4605067,0,    64,    55,   127,   -81,   -18,   -31,26.829570314112356,23.114706732158336,52.83361538779049,-0.738938451833829,-0.1712174461566189,-0.2703433360367667
686371.4606267,0,    64,    55,   128,   -82,   -19,   -31,26.829570314112356,23.114706732158336,52.83361538779049,-0.738938451833829,-0.1712174461566189,-0.2703433360367667
686371.4915348,0,    65,    55,   128,   -82,   -19,   -30,26.829570314112356,23.114706732158336,52.83361538779049,-0.738938451833829,-0.1712174461566189,-0.2703433360367667
686371.4916592,0,    65,    54,   127,   -82,   -18,   -32,26.829570314112356,23.114706732158336,52.83361538779049,-0.738938451833829,-0.1712174461566189,-0.2703433360367667
686371.5224438,0,    64,    55,   128,   -82,   -19,   -31,26.829570314112356,23.114706732158336,52.83361538779049,-0.738938451833829,-0.1712174461566189,-0.2703433360367667
686371.5225916,0,    65,    55,   128,   -82,   -20,   -30,26.829570314112356,23.114706732158336,52.83361538779049,-0.738938451833829,-0.1712174461566189,-0.2703433360367667
686371.5226496,0,    65,    55,   128,   -82,   -19,   -30,26.829570314112356,23.114706732158336,52.83361538779049,-0.738938451833829,-0.1712174461566189,-0.2703433360367667
686371.5534599,0,    64,    55,   127,   -82,   -19,   -31,26.829570314112356,23.114706732158336,52.83361538779049,-0.738938451833829,-0.1712174461566189,-0.2703433360367667
686371.5535774,0,    65,    54,   127,   -82,   -18,   -32,26.829570314112356,23.114706732158336,52.83361538779049,-0.738938451833829,-0.1712174461566189,-0.2703433360367667
686371.5536212,0,    65,    55,   128,   -81,   -19,   -30,26.829570314112356,23.114706732158336,52.83361538779049,-0.738938451833829,-0.1712174461566189,-0.2703433360367667
686371.569535,0,    65,    56,   128,   -81,   -19,   -30,26.829570314112356,23.114706732158336,52.83361538779049,-0.738938451833829,-0.1712174461566189,-0.2703433360367667
686371.6003016,0,    65,    55,   128,   -83,   -19,   -31,26.829570314112356,23.114706732158336,52.83361538779049,-0.738938451833829,-0.1712174461566189,-0.2703433360367667
686371.6004203,0,    64,    55,   127,   -81,   -18,   -31,26.829570314112356,23.114706732158336,52.83361538779049,-0.738938451833829,-0.1712174461566189,-0.2703433360367667
686371.6004639,0,    64,    54,   128,   -82,   -18,   -31,26.829570314112356,23.114706732158336,52.83361538779049,-0.738938451833829,-0.1712174461566189,-0.2703433360367667
686371.6314251,0,    65,    55,   128,   -82,   -19,   -30,26.829570314112356,23.114706732158336,52.83361538779049,-0.738938451833829,-0.1712174461566189,-0.2703433360367667
686371.6315559,0,    65,    55,   128,   -82,   -19,   -30,26.829570314112356,23.114706732158336,52.83361538779049,-0.738938451833829,-0.1712174461566189,-0.2703433360367667
686371.6622784,0,    65,    55,   128,   -82,   -19,   -31,26.829570314112356,23.114706732158336,52.83361538779049,-0.738938451833829,-0.1712174461566189,-0.2703433360367667
686371.6624288,0,    65,    55,   128,   -81,   -19,   -29,26.829570314112356,23.114706732158336,52.83361538779049,-0.738938451833829,-0.1712174461566189,-0.2703433360367667
686371.662473,0,    65,    55,   128,   -81,   -19,   -30,26.829570314112356,23.114706732158336,52.83361538779049,-0.738938451833829,-0.1712174461566189,-0.2703433360367667
686371.6932869,0,    64,    55,   128,   -82,   -19,   -31,26.829570314112356,23.114706732158336,52.83361538779049,-0.738938451833829,-0.1712174461566189,-0.2703433360367667
686371.693388,0,    64,    55,   127,   -82,   -18,   -31,26.829570314112356,23.114706732158336,52.83361538779049,-0.738938451833829,-0.1712174461566189,-0.2703433360367667
686371.6934329,0,    64,    55,   128,   -82,   -19,   -31,26.829570314112356,23.114706732158336,52.83361538779049,-0.738938451833829,-0.1712174461566189,-0.2703433360367667
686371.7242805,0,    66,    56,   128,   -82,   -19,   -30,26.829570314112356,23.114706732158336,52.83361538779049,-0.738938451833829,-0.1712174461566189,-0.2703433360367667
686371.7244236,0,    65,    55,   128,   -82,   -19,   -31,26.829570314112356,23.114706732158336,52.83361538779049,-0.738938451833829,-0.1712174461566189,-0.2703433360367667
686371.7552477,0,    64,    55,   127,   -82,   -18,   -31,26.829570314112356,23.114706732158336,52.83361538779049,-0.738938451833829,-0.1712174461566189,-0.2703433360367667
686371.7553751,0,    65,    54,   128,   -81,   -19,   -30,26.829570314112356,23.114706732158336,52.83361538779049,-0.738938451833829,-0.1712174461566189,-0.2703433360367667
686371.7554256,0,    65,    55,   128,   -82,   -19,   -30,26.829570314112356,23.114706732158336,52.83361538779049,-0.738938451833829,-0.1712174461566189,-0.2703433360367667
686371.7865694,0,    65,    55,   128,   -82,   -19,   -30,26.829570314112356,23.114706732158336,52.83361538779049,-0.738938451833829,-0.1712174461566189,-0.2703433360367667
686371.7866894,0,    65,    55,   128,   -81,   -19,   -31,26.829570314112356,23.114706732158336,52.83361538779049,-0.738938451833829,-0.1712174461566189,-0.2703433360367667
686371.7867364,0,    65,    55,   128,   -81,   -18,   -30,26.829570314112356,23.114706732158336,52.83361538779049,-0.738938451833829,-0.1712174461566189,-0.2703433360367667
686371.8023371,0,    65,    56,   128,   -82,   -19,   -30,26.829570314112356,23.114706732158336,52.83361538779049,-0.738938451833829,-0.1712174461566189,-0.2703433360367667
686371.8331642,0,    64,    55,   128,   -82,   -19,   -30,26.829570314112356,23.114706732158336,52.83361538779049,-0.738938451833829,-0.1712174461566189,-0.2703433360367667
686371.8332936,0,    65,    55,   127,   -82,   -18,   -31,26.829570314112356,23.114706732158336,52.83361538779049,-0.738938451833829,-0.1712174461566189,-0.2703433360367667
686371.8333449,0,    65,    54,   128,   -82,   -19,   -31,26.829570314112356,23.114706732158336,52.83361538779049,-0.738938451833829,-0.1712174461566189,-0.2703433360367667
686371.8641492,0,    65,    55,   128,   -82,   -19,   -30,26.829570314112356,23.114706732158336,52.83361538779049,-0.738938451833829,-0.1712174461566189,-0.2703433360367667
686371.8642765,0,    65,    55,   127,   -82,   -18,   -31,26.829570314112356,23.114706732158336,52.83361538779049,-0.738938451833829,-0.1712174461566189,-0.2703433360367667
686371.8950047,0,    65,    54,   127,   -82,   -18,   -32,26.829570314112356,23.114706732158336,52.83361538779049,-0.738938451833829,-0.1712174461566189,-0.2703433360367667
686371.8950871,0,    65,    55,   128,   -81,   -19,   -31,26.829570314112356,23.114706732158336,52.83361538779049,-0.738938451833829,-0.1712174461566189,-0.2703433360367667
686371.8951261,0,    65,    56,   128,   -82,   -19,   -30,26.829570314112356,23.114706732158336,52.83361538779049,-0.738938451833829,-0.1712174461566189,-0.2703433360367667
686371.9261121,0,    65,    56,   128,   -82,   -19,   -30,26.829570314112356,23.114706732158336,52.83361538779049,-0.738938451833829,-0.1712174461566189,-0.2703433360367667
686371.9262312,0,    64,    55,   129,   -83,   -19,   -31,26.829570314112356,23.114706732158336,52.83361538779049,-0.738938451833829,-0.1712174461566189,-0.2703433360367667
686371.9570423,0,    65,    54,   126,   -82,   -19,   -32,26.829570314112356,23.114706732158336,52.83361538779049,-0.738938451833829,-0.1712174461566189,-0.2703433360367667
686371.957197,0,    65,    55,   127,   -81,   -20,   -30,26.829570314112356,23.114706732158336,52.83361538779049,-0.738938451833829,-0.1712174461566189,-0.2703433360367667
686371.9572451,0,    64,    55,   127,   -81,   -18,   -31,26.829570314112356,23.114706732158336,52.83361538779049,-0.738938451833829,-0.1712174461566189,-0.2703433360367667
686371.9879948,0,    65,    54,   128,   -81,   -19,   -31,26.829570314112356,23.114706732158336,52.83361538779049,-0.738938451833829,-0.1712174461566189,-0.2703433360367667
686371.9881298,0,    65,    55,   128,   -81,   -19,   -31,26.829570314112356,23.114706732158336,52.83361538779049,-0.738938451833829,-0.1712174461566189,-0.2703433360367667
686371.9881818,0,    65,    55,   127,   -83,   -19,   -30,26.829570314112356,23.114706732158336,52.83361538779049,-0.738938451833829,-0.1712174461566189,-0.2703433360367667
686372.0200219,0,    66,    56,   128,   -82,   -19,   -30,26.829570314112356,23.114706732158336,52.83361538779049,-0.738938451833829,-0.1712174461566189,-0.2703433360367667
686372.0201362,0,    65,    55,   127,   -82,   -18,   -31,26.829570314112356,23.114706732158336,52.83361538779049,-0.738938451833829,-0.1712174461566189,-0.2703433360367667
686372.03602,0,    65,    55,   128,   -82,   -19,   -31,26.829570314112356,23.114706732158336,52.83361538779049,-0.738938451833829,-0.1712174461566189,-0.2703433360367667
686372.0361469,0,    65,    55,   127,   -81,   -19,   -30,26.829570314112356,23.114706732158336,52.83361538779049,-0.738938451833829,-0.1712174461566189,-0.2703433360367667
686372.068051,0,    65,    55,   127,   -81,   -20,   -30,26.829570314112356,23.114706732158336,52.83361538779049,-0.738938451833829,-0.1712174461566189,-0.2703433360367667
686372.0681655,0,    65,    54,   129,   -81,   -19,   -31,26.829570314112356,23.114706732158336,52.83361538779049,-0.738938451833829,-0.1712174461566189,-0.2703433360367667
686372.0682071,0,    64,    55,   127,   -82,   -18,   -31,26.829570314112356,23.114706732158336,52.83361538779049,-0.738938451833829,-0.1712174461566189,-0.2703433360367667
686372.1000232,0,    65,    55,   128,   -82,   -19,   -30,26.829570314112356,23.114706732158336,52.83361538779049,-0.738938451833829,-0.1712174461566189,-0.2703433360367667
686372.1001467,0,    65,    55,   128,   -81,   -19,   -31,26.829570314112356,23.114706732158336,52.83361538779049,-0.738938451833829,-0.1712174461566189,-0.2703433360367667
686372.1159347,0,    64,    55,   127,   -82,   -18,   -31,26.829570314112356,23.114706732158336,52.83361538779049,-0.738938451833829,-0.1712174461566189,-0.2703433360367667
686372.116034,0,    65,    55,   128,   -82,   -19,   -31,26.829570314112356,23.114706732158336,52.83361538779049,-0.738938451833829,-0.1712174461566189,-0.2703433360367667
686372.146865,0,    65,    55,   128,   -82,   -20,   -30,26.829570314112356,23.114706732158336,52.83361538779049,-0.738938451833829,-0.1712174461566189,-0.2703433360367667
686372.1469914,0,    65,    55,   128,   -81,   -19,   -30,26.829570314112356,23.114706732158336,52.83361538779049,-0.738938451833829,-0.1712174461566189,-0.2703433360367667
686372.1780432,0,    64,    55,   128,   -82,   -19,   -31,26.829570314112356,23.114706732158336,52.83361538779049,-0.738938451833829,-0.1712174461566189,-0.2703433360367667
686372.178145,0,    65,    55,   128,   -81,   -19,   -31,26.829570314112356,23.114706732158336,52.83361538779049,-0.738938451833829,-0.1712174461566189,-0.2703433360367667
686372.1781866,0,    65,    56,   127,   -82,   -18,   -30,26.829570314112356,23.114706732158336,52.83361538779049,-0.738938451833829,-0.1712174461566189,-0.2703433360367667
686372.2088335,0,    65,    55,   128,   -81,   -19,   -30,26.829570314112356,23.114706732158336,52.83361538779049,-0.738938451833829,-0.1712174461566189,-0.2703433360367667
686372.2089232,0,    65,    55,   128,   -81,   -19,   -31,26.829570314112356,23.114706732158336,52.83361538779049,-0.738938451833829,-0.1712174461566189,-0.2703433360367667
686372.2089547,0,    65,    55,   127,   -82,   -18,   -31,26.829570314112356,23.114706732158336,52.83361538779049,-0.738938451833829,-0.1712174461566189,-0.2703433360367667
686372.2408124,0,    65,    54,   128,   -81,   -19,   -30,26.829570314112356,23.114706732158336,52.83361538779049,-0.738938451833829,-0.1712174461566189,-0.2703433360367667
686372.2409287,0,    65,    55,   128,   -82,   -19,   -31,26.829570314112356,23.114706732158336,52.83361538779049,-0.738938451833829,-0.1712174461566189,-0.2703433360367667
686372.2569595,0,    65,    55,   127,   -82,   -18,   -31,26.829570314112356,23.114706732158336,52.83361538779049,-0.738938451833829,-0.1712174461566189,-0.2703433360367667
686372.2571431,0,    65,    55,   128,   -81,   -19,   -31,26.829570314112356,23.114706732158336,52.83361538779049,-0.738938451833829,-0.1712174461566189,-0.2703433360367667
686372.2877854,0,    66,    55,   127,   -81,   -20,   -30,26.829570314112356,23.114706732158336,52.83361538779049,-0.738938451833829,-0.1712174461566189,-0.2703433360367667
686372.2879059,0,    65,    55,   128,   -81,   -19,   -30,26.829570314112356,23.114706732158336,52.83361538779049,-0.738938451833829,-0.1712174461566189,-0.2703433360367667
686372.3187874,0,    64,    55,   127,   -81,   -18,   -31,26.829570314112356,23.114706732158336,52.83361538779049,-0.738938451833829,-0.1712174461566189,-0.2703433360367667
686372.3188761,0,    64,    55,   127,   -82,   -18,   -31,26.829570314112356,23.114706732158336,52.83361538779049,-0.738938451833829,-0.1712174461566189,-0.2703433360367667
686372.3189019,0,    65,    55,   128,   -82,   -19,   -30,26.829570314112356,23.114706732158336,52.83361538779049,-0.738938451833829,-0.1712174461566189,-0.2703433360367667
686372.3347383,0,    65,    55,   128,   -82,   -19,   -30,26.829570314112356,23.114706732158336,52.83361538779049,-0.738938451833829,-0.1712174461566189,-0.2703433360367667
686372.3656765,0,    65,    54,   128,   -82,   -19,   -31,26.829570314112356,23.114706732158336,52.83361538779049,-0.738938451833829,-0.1712174461566189,-0.2703433360367667
686372.3657953,0,    65,    55,   127,   -82,   -18,   -31,26.829570314112356,23.114706732158336,52.83361538779049,-0.738938451833829,-0.1712174461566189,-0.2703433360367667
686372.365841,0,    65,    55,   128,   -82,   -19,   -31,26.829570314112356,23.114706732158336,52.83361538779049,-0.738938451833829,-0.1712174461566189,-0.2703433360367667
686372.3966534,0,    65,    55,   128,   -82,   -19,   -30,26.829570314112356,23.114706732158336,52.83361538779049,-0.738938451833829,-0.1712174461566189,-0.2703433360367667
686372.3967899,0,    65,    55,   127,   -82,   -18,   -31,26.829570314112356,23.114706732158336,52.83361538779049,-0.738938451833829,-0.1712174461566189,-0.2703433360367667
686372.3968395,0,    64,    55,   128,   -82,   -19,   -31,26.829570314112356,23.114706732158336,52.83361538779049,-0.738938451833829,-0.1712174461566189,-0.2703433360367667
686372.4278867,0,    65,    54,   128,   -82,   -19,   -29,26.829570314112356,23.114706732158336,52.83361538779049,-0.738938451833829,-0.1712174461566189,-0.2703433360367667
686372.4280057,0,    65,    55,   128,   -82,   -19,   -30,26.829570314112356,23.114706732158336,52.83361538779049,-0.738938451833829,-0.1712174461566189,-0.2703433360367667
686372.4586042,0,    64,    55,   128,   -82,   -19,   -31,26.829570314112356,23.114706732158336,52.83361538779049,-0.738938451833829,-0.1712174461566189,-0.2703433360367667
686372.4587337,0,    65,    55,   128,   -81,   -19,   -31,26.829570314112356,23.114706732158336,52.83361538779049,-0.738938451833829,-0.1712174461566189,-0.2703433360367667
686372.4587819,0,    65,    55,   128,   -82,   -19,   -30,26.829570314112356,23.114706732158336,52.83361538779049,-0.738938451833829,-0.1712174461566189,-0.2703433360367667
686372.4896145,0,    65,    55,   128,   -82,   -19,   -29,26.829570314112356,23.114706732158336,52.83361538779049,-0.738938451833829,-0.1712174461566189,-0.2703433360367667
686372.4897917,0,    65,    54,   128,   -82,   -19,   -31,26.829570314112356,23.114706732158336,52.83361538779049,-0.738938451833829,-0.1712174461566189,-0.2703433360367667
686372.4898493,0,    65,    55,   128,   -81,   -19,   -31,26.829570314112356,23.114706732158336,52.83361538779049,-0.738938451833829,-0.1712174461566189,-0.2703433360367667
686372.5215273,0,    65,    55,   128,   -82,   -19,   -31,26.829570314112356,23.114706732158336,52.83361538779049,-0.738938451833829,-0.1712174461566189,-0.2703433360367667
686372.5216609,0,    65,    56,   128,   -82,   -19,   -30,26.829570314112356,23.114706732158336,52.83361538779049,-0.738938451833829,-0.1712174461566189,-0.2703433360367667
686372.537441,0,    65,    55,   128,   -82,   -20,   -30,26.829570314112356,23.114706732158336,52.83361538779049,-0.738938451833829,-0.1712174461566189,-0.2703433360367667
686372.5374923,0,    64,    55,   127,   -81,   -18,   -31,26.829570314112356,23.114706732158336,52.83361538779049,-0.738938451833829,-0.1712174461566189,-0.2703433360367667
686372.5684771,0,    65,    55,   128,   -82,   -20,   -30,26.829570314112356,23.114706732158336,52.83361538779049,-0.738938451833829,-0.1712174461566189,-0.2703433360367667
686372.568582,0,    65,    56,   128,   -82,   -19,   -30,26.829570314112356,23.114706732158336,52.83361538779049,-0.738938451833829,-0.1712174461566189,-0.2703433360367667
686372.5995526,0,    65,    55,   128,   -82,   -19,   -31,26.829570314112356,23.114706732158336,52.83361538779049,-0.738938451833829,-0.1712174461566189,-0.2703433360367667
686372.5996467,0,    65,    55,   127,   -82,   -18,   -31,26.829570314112356,23.114706732158336,52.83361538779049,-0.738938451833829,-0.1712174461566189,-0.2703433360367667
686372.5996717,0,    65,    55,   128,   -82,   -19,   -31,26.829570314112356,23.114706732158336,52.83361538779049,-0.738938451833829,-0.1712174461566189,-0.2703433360367667
686372.6155764,0,    65,    56,   128,   -81,   -19,   -30,26.829570314112356,23.114706732158336,52.83361538779049,-0.738938451833829,-0.1712174461566189,-0.2703433360367667
686372.6464158,0,    64,    55,   128,   -82,   -19,   -31,26.829570314112356,23.114706732158336,52.83361538779049,-0.738938451833829,-0.1712174461566189,-0.2703433360367667
686372.6465067,0,    65,    55,   127,   -82,   -18,   -31,26.829570314112356,23.114706732158336,52.83361538779049,-0.738938451833829,-0.1712174461566189,-0.2703433360367667
686372.6465521,0,    65,    55,   128,   -82,   -19,   -31,26.829570314112356,23.114706732158336,52.83361538779049,-0.738938451833829,-0.1712174461566189,-0.2703433360367667
686372.6623523,0,    65,    55,   128,   -82,   -20,   -30,26.829570314112356,23.114706732158336,52.83361538779049,-0.738938451833829,-0.1712174461566189,-0.2703433360367667
686372.6783367,0,    65,    56,   128,   -82,   -20,   -30,26.829570314112356,23.114706732158336,52.83361538779049,-0.738938451833829,-0.1712174461566189,-0.2703433360367667
686372.6784565,0,    64,    55,   128,   -82,   -19,   -31,26.829570314112356,23.114706732158336,52.83361538779049,-0.738938451833829,-0.1712174461566189,-0.2703433360367667
686372.7093829,0,    65,    55,   128,   -81,   -19,   -30,26.829570314112356,23.114706732158336,52.83361538779049,-0.738938451833829,-0.1712174461566189,-0.2703433360367667
686372.7095319,0,    65,    56,   127,   -81,   -19,   -30,26.829570314112356,23.114706732158336,52.83361538779049,-0.738938451833829,-0.1712174461566189,-0.2703433360367667
686372.7403076,0,    64,    55,   128,   -82,   -19,   -31,26.829570314112356,23.114706732158336,52.83361538779049,-0.738938451833829,-0.1712174461566189,-0.2703433360367667
686372.7404261,0,    65,    54,   126,   -81,   -18,   -32,26.829570314112356,23.114706732158336,52.83361538779049,-0.738938451833829,-0.1712174461566189,-0.2703433360367667
686372.7404678,0,    65,    54,   128,   -82,   -19,   -31,26.829570314112356,23.114706732158336,52.83361538779049,-0.738938451833829,-0.1712174461566189,-0.2703433360367667
686372.7716416,0,    65,    55,   128,   -82,   -19,   -30,26.829570314112356,23.114706732158336,52.83361538779049,-0.738938451833829,-0.1712174461566189,-0.2703433360367667
686372.7717515,0,    64,    55,   128,   -82,   -19,   -31,26.829570314112356,23.114706732158336,52.83361538779049,-0.738938451833829,-0.1712174461566189,-0.2703433360367667
686372.7717782,0,    65,    55,   127,   -82,   -18,   -31,26.829570314112356,23.114706732158336,52.83361538779049,-0.738938451833829,-0.1712174461566189,-0.2703433360367667
686372.80318,0,    65,    55,   128,   -82,   -19,   -31,26.829570314112356,23.114706732158336,52.83361538779049,-0.738938451833829,-0.1712174461566189,-0.2703433360367667
686372.8032505,0,    65,    55,   128,   -82,   -19,   -30,26.829570314112356,23.114706732158336,52.83361538779049,-0.738938451833829,-0.1712174461566189,-0.2703433360367667
686372.8193295,0,    65,    55,   128,   -81,   -19,   -30,26.829570314112356,23.114706732158336,52.83361538779049,-0.738938451833829,-0.1712174461566189,-0.2703433360367667
686372.8194514,0,    65,    54,   128,   -82,   -19,   -31,26.829570314112356,23.114706732158336,52.83361538779049,-0.738938451833829,-0.1712174461566189,-0.2703433360367667
686372.8502703,0,    65,    55,   127,   -82,   -18,   -31,26.829570314112356,23.114706732158336,52.83361538779049,-0.738938451833829,-0.1712174461566189,-0.2703433360367667
686372.8503979,0,    65,    56,   128,   -82,   -19,   -30,26.829570314112356,23.114706732158336,52.83361538779049,-0.738938451833829,-0.1712174461566189,-0.2703433360367667
686372.8812627,0,    65,    55,   128,   -82,   -19,   -31,26.829570314112356,23.114706732158336,52.83361538779049,-0.738938451833829,-0.1712174461566189,-0.2703433360367667
686372.8814227,0,    64,    55,   126,   -81,   -18,   -31,26.829570314112356,23.114706732158336,52.83361538779049,-0.738938451833829,-0.1712174461566189,-0.2703433360367667
686372.8815014,0,    65,    55,   128,   -81,   -19,   -31,26.829570314112356,23.114706732158336,52.83361538779049,-0.738938451833829,-0.1712174461566189,-0.2703433360367667
686372.9131006,0,    65,    55,   127,   -81,   -20,   -30,26.829570314112356,23.114706732158336,52.83361538779049,-0.738938451833829,-0.1712174461566189,-0.2703433360367667
686372.9131806,0,    65,    55,   128,   -82,   -19,   -30,26.829570314112356,23.114706732158336,52.83361538779049,-0.738938451833829,-0.1712174461566189,-0.2703433360367667
686372.9132048,0,    65,    55,   127,   -82,   -18,   -31,26.829570314112356,23.114706732158336,52.83361538779049,-0.738938451833829,-0.1712174461566189,-0.2703433360367667
686372.9292889,0,    64,    55,   127,   -82,   -18,   -31,26.829570314112356,23.114706732158336,52.83361538779049,-0.738938451833829,-0.1712174461566189,-0.2703433360367667
686372.9603086,0,    65,    55,   128,   -81,   -19,   -30,26.829570314112356,23.114706732158336,52.83361538779049,-0.738938451833829,-0.1712174461566189,-0.2703433360367667
686372.9604515,0,    65,    55,   128,   -81,   -19,   -30,26.829570314112356,23.114706732158336,52.83361538779049,-0.738938451833829,-0.1712174461566189,-0.2703433360367667
686372.9605066,0,    65,    55,   128,   -82,   -19,   -31,26.829570314112356,23.114706732158336,52.83361538779049,-0.738938451833829,-0.1712174461566189,-0.2703433360367667
686372.9911014,0,    65,    54,   127,   -82,   -18,   -32,26.829570314112356,23.114706732158336,52.83361538779049,-0.738938451833829,-0.1712174461566189,-0.2703433360367667
686372.9911931,0,    65,    55,   128,   -82,   -19,   -30,26.829570314112356,23.114706732158336,52.83361538779049,-0.738938451833829,-0.1712174461566189,-0.2703433360367667
686373.0219849,0,    65,    55,   128,   -82,   -19,   -31,26.829570314112356,23.114706732158336,52.83361538779049,-0.738938451833829,-0.1712174461566189,-0.2703433360367667
686373.0220648,0,    64,    55,   126,   -82,   -19,   -31,26.829570314112356,23.114706732158336,52.83361538779049,-0.738938451833829,-0.1712174461566189,-0.2703433360367667
686373.022091,0,    64,    55,   128,   -82,   -19,   -31,26.829570314112356,23.114706732158336,52.83361538779049,-0.738938451833829,-0.1712174461566189,-0.2703433360367667
686373.0531041,0,    65,    55,   127,   -81,   -19,   -30,26.829570314112356,23.114706732158336,52.83361538779049,-0.738938451833829,-0.1712174461566189,-0.2703433360367667
686373.053218,0,    65,    55,   128,   -81,   -19,   -30,26.829570314112356,23.114706732158336,52.83361538779049,-0.738938451833829,-0.1712174461566189,-0.2703433360367667
686373.0532888,0,    64,    55,   128,   -82,   -19,   -31,26.829570314112356,23.114706732158336,52.83361538779049,-0.738938451833829,-0.1712174461566189,-0.2703433360367667
686373.0841323,0,    65,    54,   128,   -82,   -19,   -31,26.829570314112356,23.114706732158336,52.83361538779049,-0.738938451833829,-0.1712174461566189,-0.2703433360367667
686373.0842536,0,    65,    56,   128,   -82,   -19,   -30,26.829570314112356,23.114706732158336,52.83361538779049,-0.738938451833829,-0.1712174461566189,-0.2703433360367667
686373.1001545,0,    65,    55,   126,   -82,   -19,   -30,26.829570314112356,23.114706732158336,52.83361538779049,-0.738938451833829,-0.1712174461566189,-0.2703433360367667
686373.1002605,0,    65,    54,   128,   -82,   -19,   -31,26.829570314112356,23.114706732158336,52.83361538779049,-0.738938451833829,-0.1712174461566189,-0.2703433360367667
686373.1312338,0,    65,    55,   127,   -82,   -18,   -31,26.829570314112356,23.114706732158336,52.83361538779049,-0.738938451833829,-0.1712174461566189,-0.2703433360367667
686373.131364,0,    64,    55,   128,   -82,   -19,   -31,26.829570314112356,23.114706732158336,52.83361538779049,-0.738938451833829,-0.1712174461566189,-0.2703433360367667
686373.1469781,0,    64,    55,   128,   -81,   -18,   -30,26.829570314112356,23.114706732158336,52.83361538779049,-0.738938451833829,-0.1712174461566189,-0.2703433360367667
686373.1470836,0,    64,    55,   127,   -82,   -18,   -31,26.829570314112356,23.114706732158336,52.83361538779049,-0.738938451833829,-0.1712174461566189,-0.2703433360367667
686373.163056,0,    64,    55,   128,   -82,   -19,   -31,26.829570314112356,23.114706732158336,52.83361538779049,-0.738938451833829,-0.1712174461566189,-0.2703433360367667
686373.1951286,0,    65,    55,   128,   -82,   -19,   -30,26.829570314112356,23.114706732158336,52.83361538779049,-0.738938451833829,-0.1712174461566189,-0.2703433360367667
686373.1952949,0,    65,    55,   128,   -82,   -20,   -30,26.829570314112356,23.114706732158336,52.83361538779049,-0.738938451833829,-0.1712174461566189,-0.2703433360367667
686373.1953555,0,    65,    55,   128,   -82,   -19,   -31,26.829570314112356,23.114706732158336,52.83361538779049,-0.738938451833829,-0.1712174461566189,-0.2703433360367667
686373.2109556,0,    64,    55,   127,   -82,   -18,   -31,26.829570314112356,23.114706732158336,52.83361538779049,-0.738938451833829,-0.1712174461566189,-0.2703433360367667
686373.2422797,0,    65,    56,   128,   -82,   -19,   -30,26.829570314112356,23.114706732158336,52.83361538779049,-0.738938451833829,-0.1712174461566189,-0.2703433360367667
686373.2424011,0,    65,    56,   128,   -82,   -19,   -30,26.829570314112356,23.114706732158336,52.83361538779049,-0.738938451833829,-0.1712174461566189,-0.2703433360367667
686373.242436,0,    65,    54,   128,   -82,   -19,   -31,26.829570314112356,23.114706732158336,52.83361538779049,-0.738938451833829,-0.1712174461566189,-0.2703433360367667
686373.2731148,0,    65,    54,   127,   -82,   -18,   -32,26.829570314112356,23.114706732158336,52.83361538779049,-0.738938451833829,-0.1712174461566189,-0.2703433360367667
686373.273248,0,    64,    55,   127,   -81,   -18,   -31,26.829570314112356,23.114706732158336,52.83361538779049,-0.738938451833829,-0.1712174461566189,-0.2703433360367667
686373.2890338,0,    65,    56,   128,   -82,   -20,   -30,26.829570314112356,23.114706732158336,52.83361538779049,-0.738938451833829,-0.1712174461566189,-0.2703433360367667
686373.2891284,0,    64,    55,   127,   -82,   -18,   -31,26.829570314112356,23.114706732158336,52.83361538779049,-0.738938451833829,-0.1712174461566189,-0.2703433360367667
686373.3050068,0,    64,    55,   128,   -82,   -19,   -31,26.829570314112356,23.114706732158336,52.83361538779049,-0.738938451833829,-0.1712174461566189,-0.2703433360367667
686373.3369603,0,    65,    55,   128,   -82,   -19,   -30,26.829570314112356,23.114706732158336,52.83361538779049,-0.738938451833829,-0.1712174461566189,-0.2703433360367667
686373.3370961,0,    65,    55,   128,   -81,   -19,   -30,26.829570314112356,23.114706732158336,52.83361538779049,-0.738938451833829,-0.1712174461566189,-0.2703433360367667
686373.3371526,0,    64,    55,   128,   -81,   -18,   -30,26.829570314112356,23.114706732158336,52.83361538779049,-0.738938451833829,-0.1712174461566189,-0.2703433360367667
686373.3529965,0,    65,    55,   127,   -82,   -18,   -31,26.829570314112356,23.114706732158336,52.83361538779049,-0.738938451833829,-0.1712174461566189,-0.2703433360367667
686373.3838261,0,    65,    55,   128,   -82,   -19,   -30,26.829570314112356,23.114706732158336,52.83361538779049,-0.738938451833829,-0.1712174461566189,-0.2703433360367667
686373.383929,0,    65,    55,   128,   -81,   -19,   -30,26.829570314112356,23.114706732158336,52.83361538779049,-0.738938451833829,-0.1712174461566189,-0.2703433360367667
686373.3839557,0,    64,    55,   128,   -82,   -19,   -31,26.829570314112356,23.114706732158336,52.83361538779049,-0.738938451833829,-0.1712174461566189,-0.2703433360367667
686373.4147902,0,    64,    55,   127,   -82,   -18,   -31,26.829570314112356,23.114706732158336,52.83361538779049,-0.738938451833829,-0.1712174461566189,-0.2703433360367667
686373.4149015,0,    65,    55,   128,   -82,   -19,   -31,26.829570314112356,23.114706732158336,52.83361538779049,-0.738938451833829,-0.1712174461566189,-0.2703433360367667
686373.4149328,0,    65,    56,   128,   -82,   -19,   -30,26.829570314112356,23.114706732158336,52.83361538779049,-0.738938451833829,-0.1712174461566189,-0.2703433360367667
686373.4307552,0,    65,    55,   128,   -82,   -19,   -30,26.829570314112356,23.114706732158336,52.83361538779049,-0.738938451833829,-0.1712174461566189,-0.2703433360367667
686373.4617126,0,    64,    55,   127,   -81,   -18,   -31,26.829570314112356,23.114706732158336,52.83361538779049,-0.738938451833829,-0.1712174461566189,-0.2703433360367667
686373.4618411,0,    65,    55,   128,   -82,   -19,   -30,26.829570314112356,23.114706732158336,52.83361538779049,-0.738938451833829,-0.1712174461566189,-0.2703433360367667
686373.46189,0,    65,    55,   128,   -82,   -20,   -30,26.829570314112356,23.114706732158336,52.83361538779049,-0.738938451833829,-0.1712174461566189,-0.2703433360367667
686373.4926711,0,    65,    55,   128,   -82,   -19,   -31,26.829570314112356,23.114706732158336,52.83361538779049,-0.738938451833829,-0.1712174461566189,-0.2703433360367667
686373.4927907,0,    65,    55,   128,   -81,   -19,   -31,26.829570314112356,23.114706732158336,52.83361538779049,-0.738938451833829,-0.1712174461566189,-0.2703433360367667
686373.5236516,0,    64,    55,   128,   -82,   -19,   -31,26.829570314112356,23.114706732158336,52.83361538779049,-0.738938451833829,-0.1712174461566189,-0.2703433360367667
686373.5237669,0,    65,    55,   128,   -82,   -19,   -30,26.829570314112356,23.114706732158336,52.83361538779049,-0.738938451833829,-0.1712174461566189,-0.2703433360367667
686373.5237974,0,    65,    55,   128,   -81,   -19,   -31,26.829570314112356,23.114706732158336,52.83361538779049,-0.738938451833829,-0.1712174461566189,-0.2703433360367667
686373.5395754,0,    64,    55,   127,   -82,   -18,   -31,26.829570314112356,23.114706732158336,52.83361538779049,-0.738938451833829,-0.1712174461566189,-0.2703433360367667
686373.5707429,0,    65,    55,   128,   -81,   -19,   -31,26.829570314112356,23.114706732158336,52.83361538779049,-0.738938451833829,-0.1712174461566189,-0.2703433360367667
686373.5710781,0,    65,    55,   127,   -82,   -18,   -30,26.829570314112356,23.114706732158336,52.83361538779049,-0.738938451833829,-0.1712174461566189,-0.2703433360367667
686373.5711127,0,    65,    56,   128,   -81,   -19,   -30,26.829570314112356,23.114706732158336,52.83361538779049,-0.738938451833829,-0.1712174461566189,-0.2703433360367667
686373.586538,0,    65,    55,   129,   -83,   -20,   -31,26.829570314112356,23.114706732158336,52.83361538779049,-0.738938451833829,-0.1712174461566189,-0.2703433360367667
686373.6025892,0,    65,    55,   128,   -81,   -19,   -30,26.829570314112356,23.114706732158336,52.83361538779049,-0.738938451833829,-0.1712174461566189,-0.2703433360367667
686373.602673,0,    65,    55,   128,   -82,   -19,   -30,26.829570314112356,23.114706732158336,52.83361538779049,-0.738938451833829,-0.1712174461566189,-0.2703433360367667
686373.6335335,0,    64,    55,   127,   -81,   -18,   -31,26.829570314112356,23.114706732158336,52.83361538779049,-0.738938451833829,-0.1712174461566189,-0.2703433360367667
686373.6336198,0,    65,    55,   128,   -81,   -19,   -31,26.829570314112356,23.114706732158336,52.83361538779049,-0.738938451833829,-0.1712174461566189,-0.2703433360367667
686373.6645586,0,    65,    54,   128,   -82,   -19,   -31,26.829570314112356,23.114706732158336,52.83361538779049,-0.738938451833829,-0.1712174461566189,-0.2703433360367667
686373.6646635,0,    65,    55,   128,   -82,   -19,   -30,26.829570314112356,23.114706732158336,52.83361538779049,-0.738938451833829,-0.1712174461566189,-0.2703433360367667
686373.6646928,0,    64,    55,   128,   -82,   -19,   -31,26.829570314112356,23.114706732158336,52.83361538779049,-0.738938451833829,-0.1712174461566189,-0.2703433360367667
686373.6966189,0,    65,    54,   127,   -82,   -18,   -32,26.829570314112356,23.114706732158336,52.83361538779049,-0.738938451833829,-0.1712174461566189,-0.2703433360367667
686373.6967312,0,    65,    55,   128,   -81,   -19,   -31,26.829570314112356,23.114706732158336,52.83361538779049,-0.738938451833829,-0.1712174461566189,-0.2703433360367667
686373.6967631,0,    65,    56,   128,   -82,   -19,   -30,26.829570314112356,23.114706732158336,52.83361538779049,-0.738938451833829,-0.1712174461566189,-0.2703433360367667
686373.7125459,0,    65,    55,   128,   -81,   -19,   -30,26.829570314112356,23.114706732158336,52.83361538779049,-0.738938451833829,-0.1712174461566189,-0.2703433360367667
686373.7434329,0,    64,    55,   128,   -82,   -19,   -31,26.829570314112356,23.114706732158336,52.83361538779049,-0.738938451833829,-0.1712174461566189,-0.2703433360367667
686373.7435529,0,    64,    55,   127,   -81,   -18,   -31,26.829570314112356,23.114706732158336,52.83361538779049,-0.738938451833829,-0.1712174461566189,-0.2703433360367667
686373.7435867,0,    65,    55,   128,   -82,   -19,   -30,26.829570314112356,23.114706732158336,52.83361538779049,-0.738938451833829,-0.1712174461566189,-0.2703433360367667
686373.7753661,0,    64,    55,   128,   -82,   -19,   -31,26.829570314112356,23.114706732158336,52.83361538779049,-0.738938451833829,-0.1712174461566189,-0.2703433360367667
686373.7754875,0,    64,    55,   127,   -82,   -18,   -31,26.829570314112356,23.114706732158336,52.83361538779049,-0.738938451833829,-0.1712174461566189,-0.2703433360367667
686373.7913342,0,    65,    55,   128,   -81,   -19,   -31,26.829570314112356,23.114706732158336,52.83361538779049,-0.738938451833829,-0.1712174461566189,-0.2703433360367667
686373.7914317,0,    65,    55,   128,   -82,   -20,   -30,26.829570314112356,23.114706732158336,52.83361538779049,-0.738938451833829,-0.1712174461566189,-0.2703433360367667
686373.8222579,0,    65,    55,   128,   -82,   -19,   -30,26.829570314112356,23.114706732158336,52.83361538779049,-0.738938451833829,-0.1712174461566189,-0.2703433360367667
686373.8223357,0,    64,    55,   127,   -82,   -18,   -31,26.829570314112356,23.114706732158336,52.83361538779049,-0.738938451833829,-0.1712174461566189,-0.2703433360367667
686373.8533466,0,    65,    55,   128,   -82,   -19,   -31,26.829570314112356,23.114706732158336,52.83361538779049,-0.738938451833829,-0.1712174461566189,-0.2703433360367667
686373.8534575,0,    65,    56,   128,   -81,   -19,   -30,26.829570314112356,23.114706732158336,52.83361538779049,-0.738938451833829,-0.1712174461566189,-0.2703433360367667
686373.8534887,0,    65,    56,   128,   -81,   -19,   -30,26.829570314112356,23.114706732158336,52.83361538779049,-0.738938451833829,-0.1712174461566189,-0.2703433360367667
686373.8692319,0,    64,    55,   128,   -82,   -19,   -31,26.829570314112356,23.114706732158336,52.83361538779049,-0.738938451833829,-0.1712174461566189,-0.2703433360367667
686373.900242,0,    65,    55,   127,   -82,   -18,   -31,26.829570314112356,23.114706732158336,52.83361538779049,-0.738938451833829,-0.1712174461566189,-0.2703433360367667
686373.9003304,0,    65,    55,   128,   -82,   -19,   -29,26.829570314112356,23.114706732158336,52.83361538779049,-0.738938451833829,-0.1712174461566189,-0.2703433360367667
686373.9003494,0,    64,    55,   128,   -82,   -19,   -31,26.829570314112356,23.114706732158336,52.83361538779049,-0.738938451833829,-0.1712174461566189,-0.2703433360367667
686373.9311547,0,    65,    54,   128,   -82,   -19,   -31,26.829570314112356,23.114706732158336,52.83361538779049,-0.738938451833829,-0.1712174461566189,-0.2703433360367667
686373.9312545,0,    64,    55,   127,   -81,   -18,   -31,26.829570314112356,23.114706732158336,52.83361538779049,-0.738938451833829,-0.1712174461566189,-0.2703433360367667
686373.9312794,0,    65,    55,   128,   -82,   -20,   -30,26.829570314112356,23.114706732158336,52.83361538779049,-0.738938451833829,-0.1712174461566189,-0.2703433360367667
